{"event": "local_authorized_server.initialize.start", "logger": "src.launcher.local_authorized_server", "level": "info", "timestamp": "2026-07-06T20:52:02.714393Z"}
{"worker": "COM", "event": "com_worker.thread.start", "logger": "src.kompas.com_worker", "level": "info", "timestamp": "2026-07-06T20:52:02.714895Z"}
{"event": "kompas.initialize.start", "logger": "src.kompas.connection", "level": "info", "timestamp": "2026-07-06T20:52:02.715019Z"}
{"dispatch": "Kompas.Application.7", "visible": true, "event": "kompas.dispatch.candidate", "logger": "src.kompas.connection", "level": "info", "timestamp": "2026-07-06T20:52:03.074745Z"}
{"dispatch": "Kompas.Application.5", "visible": true, "event": "kompas.dispatch.candidate", "logger": "src.kompas.connection", "level": "info", "timestamp": "2026-07-06T20:52:03.076590Z"}
{"dispatch": "Kompas.Application.7", "event": "kompas.dispatch.selected", "logger": "src.kompas.connection", "level": "info", "timestamp": "2026-07-06T20:52:03.076664Z"}
{"dispatch": "Kompas.Application.5", "wrapper": "KompasObject", "error": "(-2147467262, '\u0418\u043d\u0442\u0435\u0440\u0444\u0435\u0439\u0441 \u043d\u0435 \u043f\u043e\u0434\u0434\u0435\u0440\u0436\u0438\u0432\u0430\u0435\u0442\u0441\u044f', None, None)", "event": "kompas.dispatch.query_interface_failed", "logger": "src.kompas.connection", "level": "warning", "timestamp": "2026-07-06T20:52:03.078144Z"}
{"event": "kompas.initialize.success", "logger": "src.kompas.connection", "level": "info", "timestamp": "2026-07-06T20:52:04.902324Z"}
{"tool": "create_line", "event": "tool.register", "logger": "src.tools.registry", "level": "info", "timestamp": "2026-07-06T20:52:04.903142Z"}
{"tool": "create_polyline", "event": "tool.register", "logger": "src.tools.registry", "level": "info", "timestamp": "2026-07-06T20:52:04.903357Z"}
{"tool": "create_infinite_line", "event": "tool.register", "logger": "src.tools.registry", "level": "info", "timestamp": "2026-07-06T20:52:04.903478Z"}
{"tool": "create_circle", "event": "tool.register", "logger": "src.tools.registry", "level": "info", "timestamp": "2026-07-06T20:52:04.903589Z"}
{"tool": "create_arc", "event": "tool.register", "logger": "src.tools.registry", "level": "info", "timestamp": "2026-07-06T20:52:04.903705Z"}
{"tool": "create_angle_dimension", "event": "tool.register", "logger": "src.tools.registry", "level": "info", "timestamp": "2026-07-06T20:52:04.903833Z"}
{"tool": "create_arc_by_three_points", "event": "tool.register", "logger": "src.tools.registry", "level": "info", "timestamp": "2026-07-06T20:52:04.903954Z"}
{"tool": "create_point", "event": "tool.register", "logger": "src.tools.registry", "level": "info", "timestamp": "2026-07-06T20:52:04.904060Z"}
{"tool": "create_rectangle", "event": "tool.register", "logger": "src.tools.registry", "level": "info", "timestamp": "2026-07-06T20:52:04.904161Z"}
{"tool": "create_regular_polygon", "event": "tool.register", "logger": "src.tools.registry", "level": "info", "timestamp": "2026-07-06T20:52:04.904267Z"}
{"tool": "create_chamfer", "event": "tool.register", "logger": "src.tools.registry", "level": "info", "timestamp": "2026-07-06T20:52:04.904383Z"}
{"tool": "create_fillet", "event": "tool.register", "logger": "src.tools.registry", "level": "info", "timestamp": "2026-07-06T20:52:04.904492Z"}
{"tool": "create_ellipse", "event": "tool.register", "logger": "src.tools.registry", "level": "info", "timestamp": "2026-07-06T20:52:04.904593Z"}
{"tool": "create_ellipse_arc", "event": "tool.register", "logger": "src.tools.registry", "level": "info", "timestamp": "2026-07-06T20:52:04.904699Z"}
{"tool": "create_linear_dimension", "event": "tool.register", "logger": "src.tools.registry", "level": "info", "timestamp": "2026-07-06T20:52:04.904811Z"}
{"tool": "create_diameter_dimension", "event": "tool.register", "logger": "src.tools.registry", "level": "info", "timestamp": "2026-07-06T20:52:04.904920Z"}
{"tool": "create_radius_dimension", "event": "tool.register", "logger": "src.tools.registry", "level": "info", "timestamp": "2026-07-06T20:52:04.905027Z"}
{"tool": "dimension_between_objects", "event": "tool.register", "logger": "src.tools.registry", "level": "info", "timestamp": "2026-07-06T20:52:04.905224Z"}
{"tool": "auto_arrange_dimensions", "event": "tool.register", "logger": "src.tools.registry", "level": "info", "timestamp": "2026-07-06T20:52:04.905351Z"}
{"tool": "create_ordinate_dimension", "event": "tool.register", "logger": "src.tools.registry", "level": "info", "timestamp": "2026-07-06T20:52:04.905472Z"}
{"tool": "export_to_json", "event": "tool.register", "logger": "src.tools.registry", "level": "info", "timestamp": "2026-07-06T20:52:04.905684Z"}
{"tool": "list_objects", "event": "tool.register", "logger": "src.tools.registry", "level": "info", "timestamp": "2026-07-06T20:52:04.905853Z"}
{"tool": "get_object_info", "event": "tool.register", "logger": "src.tools.registry", "level": "info", "timestamp": "2026-07-06T20:52:04.905984Z"}
{"tool": "find_object_by_point", "event": "tool.register", "logger": "src.tools.registry", "level": "info", "timestamp": "2026-07-06T20:52:04.906095Z"}
{"tool": "delete_object", "event": "tool.register", "logger": "src.tools.registry", "level": "info", "timestamp": "2026-07-06T20:52:04.906201Z"}
{"tool": "move_object", "event": "tool.register", "logger": "src.tools.registry", "level": "info", "timestamp": "2026-07-06T20:52:04.906300Z"}
{"tool": "transform_object", "event": "tool.register", "logger": "src.tools.registry", "level": "info", "timestamp": "2026-07-06T20:52:04.906399Z"}
{"tool": "symmetry_object", "event": "tool.register", "logger": "src.tools.registry", "level": "info", "timestamp": "2026-07-06T20:52:04.906508Z"}
{"tool": "update_circle", "event": "tool.register", "logger": "src.tools.registry", "level": "info", "timestamp": "2026-07-06T20:52:04.906612Z"}
{"tool": "update_line", "event": "tool.register", "logger": "src.tools.registry", "level": "info", "timestamp": "2026-07-06T20:52:04.906715Z"}
{"tool": "measure_distance", "event": "tool.register", "logger": "src.tools.registry", "level": "info", "timestamp": "2026-07-06T20:52:04.906832Z"}
{"tool": "measure_length", "event": "tool.register", "logger": "src.tools.registry", "level": "info", "timestamp": "2026-07-06T20:52:04.906935Z"}
{"tool": "measure_angle", "event": "tool.register", "logger": "src.tools.registry", "level": "info", "timestamp": "2026-07-06T20:52:04.907031Z"}
{"tool": "measure_area", "event": "tool.register", "logger": "src.tools.registry", "level": "info", "timestamp": "2026-07-06T20:52:04.907126Z"}
{"tool": "check_intersection", "event": "tool.register", "logger": "src.tools.registry", "level": "info", "timestamp": "2026-07-06T20:52:04.907220Z"}
{"tool": "save_document", "event": "tool.register", "logger": "src.tools.registry", "level": "info", "timestamp": "2026-07-06T20:52:04.907301Z"}
{"tool": "export_to_dxf", "event": "tool.register", "logger": "src.tools.registry", "level": "info", "timestamp": "2026-07-06T20:52:04.907385Z"}
{"tool": "open_document", "event": "tool.register", "logger": "src.tools.registry", "level": "info", "timestamp": "2026-07-06T20:52:04.907478Z"}
{"tool": "create_document", "event": "tool.register", "logger": "src.tools.registry", "level": "info", "timestamp": "2026-07-06T20:52:04.907575Z"}
{"tool": "list_open_documents", "event": "tool.register", "logger": "src.tools.registry", "level": "info", "timestamp": "2026-07-06T20:52:04.907668Z"}
{"tool": "get_active_document", "event": "tool.register", "logger": "src.tools.registry", "level": "info", "timestamp": "2026-07-06T20:52:04.907753Z"}
{"tool": "activate_document", "event": "tool.register", "logger": "src.tools.registry", "level": "info", "timestamp": "2026-07-06T20:52:04.907837Z"}
{"tool": "close_document", "event": "tool.register", "logger": "src.tools.registry", "level": "info", "timestamp": "2026-07-06T20:52:04.907928Z"}
{"tool": "close_all_documents", "event": "tool.register", "logger": "src.tools.registry", "level": "info", "timestamp": "2026-07-06T20:52:04.908020Z"}
{"tool": "close_all_except_documents", "event": "tool.register", "logger": "src.tools.registry", "level": "info", "timestamp": "2026-07-06T20:52:04.908106Z"}
{"tool": "create_standard_sheet", "event": "tool.register", "logger": "src.tools.registry", "level": "info", "timestamp": "2026-07-06T20:52:04.908247Z"}
{"tool": "checkpoint_create", "event": "tool.register", "logger": "src.tools.registry", "level": "info", "timestamp": "2026-07-06T20:52:04.908822Z"}
{"tool": "checkpoint_restore", "event": "tool.register", "logger": "src.tools.registry", "level": "info", "timestamp": "2026-07-06T20:52:04.909757Z"}
{"tool": "begin_transaction", "event": "tool.register", "logger": "src.tools.registry", "level": "info", "timestamp": "2026-07-06T20:52:04.910705Z"}
{"tool": "commit_transaction", "event": "tool.register", "logger": "src.tools.registry", "level": "info", "timestamp": "2026-07-06T20:52:04.911115Z"}
{"tool": "rollback_transaction", "event": "tool.register", "logger": "src.tools.registry", "level": "info", "timestamp": "2026-07-06T20:52:04.911541Z"}
{"tool": "get_active_context", "event": "tool.register", "logger": "src.tools.registry", "level": "info", "timestamp": "2026-07-06T20:52:04.911648Z"}
{"tool": "set_active_context", "event": "tool.register", "logger": "src.tools.registry", "level": "info", "timestamp": "2026-07-06T20:52:04.911761Z"}
{"tool": "set_active_view", "event": "tool.register", "logger": "src.tools.registry", "level": "info", "timestamp": "2026-07-06T20:52:04.911856Z"}
{"tool": "create_view", "event": "tool.register", "logger": "src.tools.registry", "level": "info", "timestamp": "2026-07-06T20:52:04.911946Z"}
{"tool": "create_view_layout", "event": "tool.register", "logger": "src.tools.registry", "level": "info", "timestamp": "2026-07-06T20:52:04.912063Z"}
{"tool": "move_view", "event": "tool.register", "logger": "src.tools.registry", "level": "info", "timestamp": "2026-07-06T20:52:04.912168Z"}
{"tool": "validate_drawing_layout", "event": "tool.register", "logger": "src.tools.registry", "level": "info", "timestamp": "2026-07-06T20:52:04.912277Z"}
{"tool": "fill_drawing_stamp", "event": "tool.register", "logger": "src.tools.registry", "level": "info", "timestamp": "2026-07-06T20:52:04.912396Z"}
{"tool": "create_drawing_table", "event": "tool.register", "logger": "src.tools.registry", "level": "info", "timestamp": "2026-07-06T20:52:04.912528Z"}
{"tool": "create_parts_table", "event": "tool.register", "logger": "src.tools.registry", "level": "info", "timestamp": "2026-07-06T20:52:04.912636Z"}
{"tool": "read_drawing_table", "event": "tool.register", "logger": "src.tools.registry", "level": "info", "timestamp": "2026-07-06T20:52:04.912734Z"}
{"tool": "update_drawing_table", "event": "tool.register", "logger": "src.tools.registry", "level": "info", "timestamp": "2026-07-06T20:52:04.912852Z"}
{"tool": "write_csv_artifact", "event": "tool.register", "logger": "src.tools.registry", "level": "info", "timestamp": "2026-07-06T20:52:04.912966Z"}
{"tool": "create_position_leader", "event": "tool.register", "logger": "src.tools.registry", "level": "info", "timestamp": "2026-07-06T20:52:04.913076Z"}
{"tool": "arrange_position_leaders", "event": "tool.register", "logger": "src.tools.registry", "level": "info", "timestamp": "2026-07-06T20:52:04.913184Z"}
{"tool": "probe_drawing_stamp_cells", "event": "tool.register", "logger": "src.tools.registry", "level": "info", "timestamp": "2026-07-06T20:52:04.913306Z"}
{"tool": "fill_title_block", "event": "tool.register", "logger": "src.tools.registry", "level": "info", "timestamp": "2026-07-06T20:52:04.913433Z"}
{"tool": "insert_raster_image", "event": "tool.register", "logger": "src.tools.registry", "level": "info", "timestamp": "2026-07-06T20:52:04.913561Z"}
{"tool": "create_color_view_raster", "event": "tool.register", "logger": "src.tools.registry", "level": "info", "timestamp": "2026-07-06T20:52:04.913666Z"}
{"tool": "screenshot_document", "event": "tool.register", "logger": "src.tools.registry", "level": "info", "timestamp": "2026-07-06T20:52:04.913786Z"}
{"tool": "create_layer", "event": "tool.register", "logger": "src.tools.registry", "level": "info", "timestamp": "2026-07-06T20:52:04.913874Z"}
{"tool": "set_active_layer", "event": "tool.register", "logger": "src.tools.registry", "level": "info", "timestamp": "2026-07-06T20:52:04.913964Z"}
{"tool": "set_object_layer", "event": "tool.register", "logger": "src.tools.registry", "level": "info", "timestamp": "2026-07-06T20:52:04.914051Z"}
{"tool": "create_text", "event": "tool.register", "logger": "src.tools.registry", "level": "info", "timestamp": "2026-07-06T20:52:04.914148Z"}
{"tool": "batch_execute", "event": "tool.register", "logger": "src.tools.registry", "level": "info", "timestamp": "2026-07-06T20:52:04.914230Z"}
{"tool": "execute_python_script", "event": "tool.register", "logger": "src.tools.registry", "level": "info", "timestamp": "2026-07-06T20:52:04.914312Z"}
{"tool": "execute_geometry_script", "event": "tool.register", "logger": "src.tools.registry", "level": "info", "timestamp": "2026-07-06T20:52:04.914432Z"}
{"tool": "execute_tdcad_script", "event": "tool.register", "logger": "src.tools.registry", "level": "info", "timestamp": "2026-07-06T20:52:04.914543Z"}
{"tool": "calculate_model_math", "event": "tool.register", "logger": "src.tools.registry", "level": "info", "timestamp": "2026-07-06T20:52:04.914643Z"}
{"tool": "measure_model_properties", "event": "tool.register", "logger": "src.tools.registry", "level": "info", "timestamp": "2026-07-06T20:52:04.914755Z"}
{"tool": "solve_model_goal", "event": "tool.register", "logger": "src.tools.registry", "level": "info", "timestamp": "2026-07-06T20:52:04.914864Z"}
{"tool": "describe_tool", "event": "tool.register", "logger": "src.tools.registry", "level": "info", "timestamp": "2026-07-06T20:52:04.914956Z"}
{"tool": "get_environment", "event": "tool.register", "logger": "src.tools.registry", "level": "info", "timestamp": "2026-07-06T20:52:04.915033Z"}
{"tool": "get_state_summary", "event": "tool.register", "logger": "src.tools.registry", "level": "info", "timestamp": "2026-07-06T20:52:04.915128Z"}
{"tool": "get_geometry_digest", "event": "tool.register", "logger": "src.tools.registry", "level": "info", "timestamp": "2026-07-06T20:52:04.915216Z"}
{"tool": "snapshot_state", "event": "tool.register", "logger": "src.tools.registry", "level": "info", "timestamp": "2026-07-06T20:52:04.915552Z"}
{"tool": "search_kompas_api_graph", "event": "tool.register", "logger": "src.tools.registry", "level": "info", "timestamp": "2026-07-06T20:52:04.915672Z"}
{"tool": "get_kompas_api_symbol", "event": "tool.register", "logger": "src.tools.registry", "level": "info", "timestamp": "2026-07-06T20:52:04.915772Z"}
{"tool": "list_kompas_api_transitions", "event": "tool.register", "logger": "src.tools.registry", "level": "info", "timestamp": "2026-07-06T20:52:04.915865Z"}
{"tool": "find_kompas_api_capability", "event": "tool.register", "logger": "src.tools.registry", "level": "info", "timestamp": "2026-07-06T20:52:04.915958Z"}
{"tool": "validate_kompas_api_capability", "event": "tool.register", "logger": "src.tools.registry", "level": "info", "timestamp": "2026-07-06T20:52:04.916075Z"}
{"tool": "preflight_context", "event": "tool.register", "logger": "src.tools.registry", "level": "info", "timestamp": "2026-07-06T20:52:04.916171Z"}
{"tool": "safe_feature_create", "event": "tool.register", "logger": "src.tools.registry", "level": "info", "timestamp": "2026-07-06T20:52:04.916487Z"}
{"tool": "resolve_selection", "event": "tool.register", "logger": "src.tools.registry", "level": "info", "timestamp": "2026-07-06T20:52:04.916612Z"}
{"tool": "resolve_selection_3d", "event": "tool.register", "logger": "src.tools.registry", "level": "info", "timestamp": "2026-07-06T20:52:04.916716Z"}
{"tool": "snapshot_diff", "event": "tool.register", "logger": "src.tools.registry", "level": "info", "timestamp": "2026-07-06T20:52:04.917010Z"}
{"tool": "validation_inspect", "event": "tool.register", "logger": "src.tools.registry", "level": "info", "timestamp": "2026-07-06T20:52:04.917419Z"}
{"tool": "repair_attempt", "event": "tool.register", "logger": "src.tools.registry", "level": "info", "timestamp": "2026-07-06T20:52:04.917623Z"}
{"tool": "runtime_memory", "event": "tool.register", "logger": "src.tools.registry", "level": "info", "timestamp": "2026-07-06T20:52:04.917772Z"}
{"tool": "create_change_container", "event": "tool.register", "logger": "src.tools.registry", "level": "info", "timestamp": "2026-07-06T20:52:04.918487Z"}
{"tool": "list_change_containers", "event": "tool.register", "logger": "src.tools.registry", "level": "info", "timestamp": "2026-07-06T20:52:04.919028Z"}
{"tool": "activate_change_container", "event": "tool.register", "logger": "src.tools.registry", "level": "info", "timestamp": "2026-07-06T20:52:04.919518Z"}
{"tool": "checkpoint_change_container", "event": "tool.register", "logger": "src.tools.registry", "level": "info", "timestamp": "2026-07-06T20:52:04.919981Z"}
{"tool": "restore_change_container_checkpoint", "event": "tool.register", "logger": "src.tools.registry", "level": "info", "timestamp": "2026-07-06T20:52:04.920401Z"}
{"tool": "discard_change_container", "event": "tool.register", "logger": "src.tools.registry", "level": "info", "timestamp": "2026-07-06T20:52:04.920798Z"}
{"tool": "promote_change_container", "event": "tool.register", "logger": "src.tools.registry", "level": "info", "timestamp": "2026-07-06T20:52:04.921212Z"}
{"tool": "diff_change_containers", "event": "tool.register", "logger": "src.tools.registry", "level": "info", "timestamp": "2026-07-06T20:52:04.921812Z"}
{"tool": "scenario_runner", "event": "tool.register", "logger": "src.tools.registry", "level": "info", "timestamp": "2026-07-06T20:52:04.921929Z"}
{"tool": "verify_geometry", "event": "tool.register", "logger": "src.tools.registry", "level": "info", "timestamp": "2026-07-06T20:52:04.922054Z"}
{"tool": "list_script_helpers", "event": "tool.register", "logger": "src.tools.registry", "level": "info", "timestamp": "2026-07-06T20:52:04.922149Z"}
{"tool": "execute_kompas_command", "event": "tool.register", "logger": "src.tools.registry", "level": "info", "timestamp": "2026-07-06T20:52:04.922250Z"}
{"tool": "attach_kompas_library", "event": "tool.register", "logger": "src.tools.registry", "level": "info", "timestamp": "2026-07-06T20:52:04.922347Z"}
{"tool": "detach_kompas_library", "event": "tool.register", "logger": "src.tools.registry", "level": "info", "timestamp": "2026-07-06T20:52:04.922434Z"}
{"tool": "execute_kompas_library_command", "event": "tool.register", "logger": "src.tools.registry", "level": "info", "timestamp": "2026-07-06T20:52:04.922531Z"}
{"tool": "execute_kompas_library_command_ex", "event": "tool.register", "logger": "src.tools.registry", "level": "info", "timestamp": "2026-07-06T20:52:04.922621Z"}
{"tool": "execute_library_command_by_path", "event": "tool.register", "logger": "src.tools.registry", "level": "info", "timestamp": "2026-07-06T20:52:04.922712Z"}
{"tool": "list_procedure_libraries", "event": "tool.register", "logger": "src.tools.registry", "level": "info", "timestamp": "2026-07-06T20:52:04.922801Z"}
{"tool": "list_procedure_library_commands", "event": "tool.register", "logger": "src.tools.registry", "level": "info", "timestamp": "2026-07-06T20:52:04.922888Z"}
{"tool": "create_document_3d", "event": "tool.register", "logger": "src.tools.registry", "level": "info", "timestamp": "2026-07-06T20:52:04.923175Z"}
{"tool": "get_3d_context", "event": "tool.register", "logger": "src.tools.registry", "level": "info", "timestamp": "2026-07-06T20:52:04.923503Z"}
{"tool": "set_part_properties_3d", "event": "tool.register", "logger": "src.tools.registry", "level": "info", "timestamp": "2026-07-06T20:52:04.923985Z"}
{"tool": "save_document_3d", "event": "tool.register", "logger": "src.tools.registry", "level": "info", "timestamp": "2026-07-06T20:52:04.924355Z"}
{"tool": "set_3d_view", "event": "tool.register", "logger": "src.tools.registry", "level": "info", "timestamp": "2026-07-06T20:52:04.924742Z"}
{"tool": "rebuild_model_3d", "event": "tool.register", "logger": "src.tools.registry", "level": "info", "timestamp": "2026-07-06T20:52:04.925147Z"}
{"tool": "list_default_entities_3d", "event": "tool.register", "logger": "src.tools.registry", "level": "info", "timestamp": "2026-07-06T20:52:04.925478Z"}
{"tool": "list_bodies_3d", "event": "tool.register", "logger": "src.tools.registry", "level": "info", "timestamp": "2026-07-06T20:52:04.925754Z"}
{"tool": "set_body_properties_3d", "event": "tool.register", "logger": "src.tools.registry", "level": "info", "timestamp": "2026-07-06T20:52:04.926074Z"}
{"tool": "set_body_appearance_3d", "event": "tool.register", "logger": "src.tools.registry", "level": "info", "timestamp": "2026-07-06T20:52:04.926743Z"}
{"tool": "extract_multibody_parts_table", "event": "tool.register", "logger": "src.tools.registry", "level": "info", "timestamp": "2026-07-06T20:52:04.927030Z"}
{"tool": "list_faces_3d", "event": "tool.register", "logger": "src.tools.registry", "level": "info", "timestamp": "2026-07-06T20:52:04.927308Z"}
{"tool": "list_edges_3d", "event": "tool.register", "logger": "src.tools.registry", "level": "info", "timestamp": "2026-07-06T20:52:04.927600Z"}
{"tool": "get_topology_summary_3d", "event": "tool.register", "logger": "src.tools.registry", "level": "info", "timestamp": "2026-07-06T20:52:04.927886Z"}
{"tool": "create_offset_plane_3d", "event": "tool.register", "logger": "src.tools.registry", "level": "info", "timestamp": "2026-07-06T20:52:04.928192Z"}
{"tool": "create_sketch_3d", "event": "tool.register", "logger": "src.tools.registry", "level": "info", "timestamp": "2026-07-06T20:52:04.928503Z"}
{"tool": "update_sketch_3d", "event": "tool.register", "logger": "src.tools.registry", "level": "info", "timestamp": "2026-07-06T20:52:04.928954Z"}
{"tool": "close_sketch_3d", "event": "tool.register", "logger": "src.tools.registry", "level": "info", "timestamp": "2026-07-06T20:52:04.929325Z"}
{"tool": "create_revolve_boss_3d", "event": "tool.register", "logger": "src.tools.registry", "level": "info", "timestamp": "2026-07-06T20:52:04.929638Z"}
{"tool": "create_edge_fillet_3d", "event": "tool.register", "logger": "src.tools.registry", "level": "info", "timestamp": "2026-07-06T20:52:04.930065Z"}
{"tool": "create_edge_chamfer_3d", "event": "tool.register", "logger": "src.tools.registry", "level": "info", "timestamp": "2026-07-06T20:52:04.930436Z"}
{"tool": "create_extrude_boss_3d", "event": "tool.register", "logger": "src.tools.registry", "level": "info", "timestamp": "2026-07-06T20:52:04.930842Z"}
{"tool": "create_extrude_cut_3d", "event": "tool.register", "logger": "src.tools.registry", "level": "info", "timestamp": "2026-07-06T20:52:04.931206Z"}
{"tool": "create_cylindrical_helix_3d", "event": "tool.register", "logger": "src.tools.registry", "level": "info", "timestamp": "2026-07-06T20:52:04.931551Z"}
{"tool": "create_sweep_cut_3d", "event": "tool.register", "logger": "src.tools.registry", "level": "info", "timestamp": "2026-07-06T20:52:04.931873Z"}
{"tool": "create_circular_pattern_3d", "event": "tool.register", "logger": "src.tools.registry", "level": "info", "timestamp": "2026-07-06T20:52:04.932189Z"}
{"tool": "create_linear_pattern_3d", "event": "tool.register", "logger": "src.tools.registry", "level": "info", "timestamp": "2026-07-06T20:52:04.932492Z"}
{"tool": "create_sweep_boss_3d", "event": "tool.register", "logger": "src.tools.registry", "level": "info", "timestamp": "2026-07-06T20:52:04.932798Z"}
{"tool": "create_loft_boss_3d", "event": "tool.register", "logger": "src.tools.registry", "level": "info", "timestamp": "2026-07-06T20:52:04.933122Z"}
{"tool": "create_loft_cut_3d", "event": "tool.register", "logger": "src.tools.registry", "level": "info", "timestamp": "2026-07-06T20:52:04.933425Z"}
{"tool": "create_shell_3d", "event": "tool.register", "logger": "src.tools.registry", "level": "info", "timestamp": "2026-07-06T20:52:04.933734Z"}
{"tool": "create_draft_3d", "event": "tool.register", "logger": "src.tools.registry", "level": "info", "timestamp": "2026-07-06T20:52:04.934058Z"}
{"tool": "create_rib_3d", "event": "tool.register", "logger": "src.tools.registry", "level": "info", "timestamp": "2026-07-06T20:52:04.934354Z"}
{"tool": "list_feature_tree_3d", "event": "tool.register", "logger": "src.tools.registry", "level": "info", "timestamp": "2026-07-06T20:52:04.934649Z"}
{"tool": "get_feature_info_3d", "event": "tool.register", "logger": "src.tools.registry", "level": "info", "timestamp": "2026-07-06T20:52:04.934971Z"}
{"tool": "update_feature_3d", "event": "tool.register", "logger": "src.tools.registry", "level": "info", "timestamp": "2026-07-06T20:52:04.935282Z"}
{"tool": "suppress_feature_3d", "event": "tool.register", "logger": "src.tools.registry", "level": "info", "timestamp": "2026-07-06T20:52:04.935616Z"}
HTTP Request: GET https://kompasmcp.ru/client/policy "HTTP/1.1 200 OK"
{"event": "local_authorized_server.initialize.success", "logger": "src.launcher.local_authorized_server", "level": "info", "timestamp": "2026-07-06T20:52:05.533218Z"}
{"event": "kompas.closed", "logger": "src.kompas.connection", "level": "info", "timestamp": "2026-07-06T20:52:17.528799Z"}
{"worker": "COM", "event": "com_worker.thread.stop", "logger": "src.kompas.com_worker", "level": "info", "timestamp": "2026-07-06T20:52:17.529509Z"}
{"event": "local_authorized_server.initialize.start", "logger": "src.launcher.local_authorized_server", "level": "info", "timestamp": "2026-07-06T20:53:22.300352Z"}
{"worker": "COM", "event": "com_worker.thread.start", "logger": "src.kompas.com_worker", "level": "info", "timestamp": "2026-07-06T20:53:22.300848Z"}
{"event": "kompas.initialize.start", "logger": "src.kompas.connection", "level": "info", "timestamp": "2026-07-06T20:53:22.300965Z"}
{"dispatch": "Kompas.Application.7", "visible": true, "event": "kompas.dispatch.candidate", "logger": "src.kompas.connection", "level": "info", "timestamp": "2026-07-06T20:53:22.367879Z"}
{"dispatch": "Kompas.Application.5", "visible": true, "event": "kompas.dispatch.candidate", "logger": "src.kompas.connection", "level": "info", "timestamp": "2026-07-06T20:53:22.369280Z"}
{"dispatch": "Kompas.Application.7", "event": "kompas.dispatch.selected", "logger": "src.kompas.connection", "level": "info", "timestamp": "2026-07-06T20:53:22.369374Z"}
{"dispatch": "Kompas.Application.5", "wrapper": "KompasObject", "error": "(-2147467262, '\u0418\u043d\u0442\u0435\u0440\u0444\u0435\u0439\u0441 \u043d\u0435 \u043f\u043e\u0434\u0434\u0435\u0440\u0436\u0438\u0432\u0430\u0435\u0442\u0441\u044f', None, None)", "event": "kompas.dispatch.query_interface_failed", "logger": "src.kompas.connection", "level": "warning", "timestamp": "2026-07-06T20:53:22.370861Z"}
{"event": "kompas.initialize.success", "logger": "src.kompas.connection", "level": "info", "timestamp": "2026-07-06T20:53:22.373939Z"}
{"tool": "create_line", "event": "tool.register", "logger": "src.tools.registry", "level": "info", "timestamp": "2026-07-06T20:53:22.374263Z"}
{"tool": "create_polyline", "event": "tool.register", "logger": "src.tools.registry", "level": "info", "timestamp": "2026-07-06T20:53:22.374416Z"}
{"tool": "create_infinite_line", "event": "tool.register", "logger": "src.tools.registry", "level": "info", "timestamp": "2026-07-06T20:53:22.374523Z"}
{"tool": "create_circle", "event": "tool.register", "logger": "src.tools.registry", "level": "info", "timestamp": "2026-07-06T20:53:22.374631Z"}
{"tool": "create_arc", "event": "tool.register", "logger": "src.tools.registry", "level": "info", "timestamp": "2026-07-06T20:53:22.374739Z"}
{"tool": "create_angle_dimension", "event": "tool.register", "logger": "src.tools.registry", "level": "info", "timestamp": "2026-07-06T20:53:22.374857Z"}
{"tool": "create_arc_by_three_points", "event": "tool.register", "logger": "src.tools.registry", "level": "info", "timestamp": "2026-07-06T20:53:22.374969Z"}
{"tool": "create_point", "event": "tool.register", "logger": "src.tools.registry", "level": "info", "timestamp": "2026-07-06T20:53:22.375065Z"}
{"tool": "create_rectangle", "event": "tool.register", "logger": "src.tools.registry", "level": "info", "timestamp": "2026-07-06T20:53:22.375159Z"}
{"tool": "create_regular_polygon", "event": "tool.register", "logger": "src.tools.registry", "level": "info", "timestamp": "2026-07-06T20:53:22.375255Z"}
{"tool": "create_chamfer", "event": "tool.register", "logger": "src.tools.registry", "level": "info", "timestamp": "2026-07-06T20:53:22.375434Z"}
{"tool": "create_fillet", "event": "tool.register", "logger": "src.tools.registry", "level": "info", "timestamp": "2026-07-06T20:53:22.375560Z"}
{"tool": "create_ellipse", "event": "tool.register", "logger": "src.tools.registry", "level": "info", "timestamp": "2026-07-06T20:53:22.375667Z"}
{"tool": "create_ellipse_arc", "event": "tool.register", "logger": "src.tools.registry", "level": "info", "timestamp": "2026-07-06T20:53:22.375772Z"}
{"tool": "create_linear_dimension", "event": "tool.register", "logger": "src.tools.registry", "level": "info", "timestamp": "2026-07-06T20:53:22.375887Z"}
{"tool": "create_diameter_dimension", "event": "tool.register", "logger": "src.tools.registry", "level": "info", "timestamp": "2026-07-06T20:53:22.375998Z"}
{"tool": "create_radius_dimension", "event": "tool.register", "logger": "src.tools.registry", "level": "info", "timestamp": "2026-07-06T20:53:22.376101Z"}
{"tool": "dimension_between_objects", "event": "tool.register", "logger": "src.tools.registry", "level": "info", "timestamp": "2026-07-06T20:53:22.376234Z"}
{"tool": "auto_arrange_dimensions", "event": "tool.register", "logger": "src.tools.registry", "level": "info", "timestamp": "2026-07-06T20:53:22.376349Z"}
{"tool": "create_ordinate_dimension", "event": "tool.register", "logger": "src.tools.registry", "level": "info", "timestamp": "2026-07-06T20:53:22.376460Z"}
{"tool": "export_to_json", "event": "tool.register", "logger": "src.tools.registry", "level": "info", "timestamp": "2026-07-06T20:53:22.376637Z"}
{"tool": "list_objects", "event": "tool.register", "logger": "src.tools.registry", "level": "info", "timestamp": "2026-07-06T20:53:22.376789Z"}
{"tool": "get_object_info", "event": "tool.register", "logger": "src.tools.registry", "level": "info", "timestamp": "2026-07-06T20:53:22.376892Z"}
{"tool": "find_object_by_point", "event": "tool.register", "logger": "src.tools.registry", "level": "info", "timestamp": "2026-07-06T20:53:22.376992Z"}
{"tool": "delete_object", "event": "tool.register", "logger": "src.tools.registry", "level": "info", "timestamp": "2026-07-06T20:53:22.377084Z"}
{"tool": "move_object", "event": "tool.register", "logger": "src.tools.registry", "level": "info", "timestamp": "2026-07-06T20:53:22.377171Z"}
{"tool": "transform_object", "event": "tool.register", "logger": "src.tools.registry", "level": "info", "timestamp": "2026-07-06T20:53:22.377261Z"}
{"tool": "symmetry_object", "event": "tool.register", "logger": "src.tools.registry", "level": "info", "timestamp": "2026-07-06T20:53:22.377353Z"}
{"tool": "update_circle", "event": "tool.register", "logger": "src.tools.registry", "level": "info", "timestamp": "2026-07-06T20:53:22.377453Z"}
{"tool": "update_line", "event": "tool.register", "logger": "src.tools.registry", "level": "info", "timestamp": "2026-07-06T20:53:22.377545Z"}
{"tool": "measure_distance", "event": "tool.register", "logger": "src.tools.registry", "level": "info", "timestamp": "2026-07-06T20:53:22.377650Z"}
{"tool": "measure_length", "event": "tool.register", "logger": "src.tools.registry", "level": "info", "timestamp": "2026-07-06T20:53:22.377739Z"}
{"tool": "measure_angle", "event": "tool.register", "logger": "src.tools.registry", "level": "info", "timestamp": "2026-07-06T20:53:22.377826Z"}
{"tool": "measure_area", "event": "tool.register", "logger": "src.tools.registry", "level": "info", "timestamp": "2026-07-06T20:53:22.377910Z"}
{"tool": "check_intersection", "event": "tool.register", "logger": "src.tools.registry", "level": "info", "timestamp": "2026-07-06T20:53:22.378001Z"}
{"tool": "save_document", "event": "tool.register", "logger": "src.tools.registry", "level": "info", "timestamp": "2026-07-06T20:53:22.378080Z"}
{"tool": "export_to_dxf", "event": "tool.register", "logger": "src.tools.registry", "level": "info", "timestamp": "2026-07-06T20:53:22.378156Z"}
{"tool": "open_document", "event": "tool.register", "logger": "src.tools.registry", "level": "info", "timestamp": "2026-07-06T20:53:22.378259Z"}
{"tool": "create_document", "event": "tool.register", "logger": "src.tools.registry", "level": "info", "timestamp": "2026-07-06T20:53:22.378349Z"}
{"tool": "list_open_documents", "event": "tool.register", "logger": "src.tools.registry", "level": "info", "timestamp": "2026-07-06T20:53:22.378435Z"}
{"tool": "get_active_document", "event": "tool.register", "logger": "src.tools.registry", "level": "info", "timestamp": "2026-07-06T20:53:22.378521Z"}
{"tool": "activate_document", "event": "tool.register", "logger": "src.tools.registry", "level": "info", "timestamp": "2026-07-06T20:53:22.378606Z"}
{"tool": "close_document", "event": "tool.register", "logger": "src.tools.registry", "level": "info", "timestamp": "2026-07-06T20:53:22.378690Z"}
{"tool": "close_all_documents", "event": "tool.register", "logger": "src.tools.registry", "level": "info", "timestamp": "2026-07-06T20:53:22.378786Z"}
{"tool": "close_all_except_documents", "event": "tool.register", "logger": "src.tools.registry", "level": "info", "timestamp": "2026-07-06T20:53:22.378866Z"}
{"tool": "create_standard_sheet", "event": "tool.register", "logger": "src.tools.registry", "level": "info", "timestamp": "2026-07-06T20:53:22.378965Z"}
{"tool": "checkpoint_create", "event": "tool.register", "logger": "src.tools.registry", "level": "info", "timestamp": "2026-07-06T20:53:22.379479Z"}
{"tool": "checkpoint_restore", "event": "tool.register", "logger": "src.tools.registry", "level": "info", "timestamp": "2026-07-06T20:53:22.380398Z"}
{"tool": "begin_transaction", "event": "tool.register", "logger": "src.tools.registry", "level": "info", "timestamp": "2026-07-06T20:53:22.380923Z"}
{"tool": "commit_transaction", "event": "tool.register", "logger": "src.tools.registry", "level": "info", "timestamp": "2026-07-06T20:53:22.381408Z"}
{"tool": "rollback_transaction", "event": "tool.register", "logger": "src.tools.registry", "level": "info", "timestamp": "2026-07-06T20:53:22.381871Z"}
{"tool": "get_active_context", "event": "tool.register", "logger": "src.tools.registry", "level": "info", "timestamp": "2026-07-06T20:53:22.381974Z"}
{"tool": "set_active_context", "event": "tool.register", "logger": "src.tools.registry", "level": "info", "timestamp": "2026-07-06T20:53:22.382080Z"}
{"tool": "set_active_view", "event": "tool.register", "logger": "src.tools.registry", "level": "info", "timestamp": "2026-07-06T20:53:22.382169Z"}
{"tool": "create_view", "event": "tool.register", "logger": "src.tools.registry", "level": "info", "timestamp": "2026-07-06T20:53:22.382264Z"}
{"tool": "create_view_layout", "event": "tool.register", "logger": "src.tools.registry", "level": "info", "timestamp": "2026-07-06T20:53:22.382376Z"}
{"tool": "move_view", "event": "tool.register", "logger": "src.tools.registry", "level": "info", "timestamp": "2026-07-06T20:53:22.382478Z"}
{"tool": "validate_drawing_layout", "event": "tool.register", "logger": "src.tools.registry", "level": "info", "timestamp": "2026-07-06T20:53:22.382589Z"}
{"tool": "fill_drawing_stamp", "event": "tool.register", "logger": "src.tools.registry", "level": "info", "timestamp": "2026-07-06T20:53:22.382700Z"}
{"tool": "create_drawing_table", "event": "tool.register", "logger": "src.tools.registry", "level": "info", "timestamp": "2026-07-06T20:53:22.382831Z"}
{"tool": "create_parts_table", "event": "tool.register", "logger": "src.tools.registry", "level": "info", "timestamp": "2026-07-06T20:53:22.382985Z"}
{"tool": "read_drawing_table", "event": "tool.register", "logger": "src.tools.registry", "level": "info", "timestamp": "2026-07-06T20:53:22.383124Z"}
{"tool": "update_drawing_table", "event": "tool.register", "logger": "src.tools.registry", "level": "info", "timestamp": "2026-07-06T20:53:22.383254Z"}
{"tool": "write_csv_artifact", "event": "tool.register", "logger": "src.tools.registry", "level": "info", "timestamp": "2026-07-06T20:53:22.383387Z"}
{"tool": "create_position_leader", "event": "tool.register", "logger": "src.tools.registry", "level": "info", "timestamp": "2026-07-06T20:53:22.383520Z"}
{"tool": "arrange_position_leaders", "event": "tool.register", "logger": "src.tools.registry", "level": "info", "timestamp": "2026-07-06T20:53:22.383651Z"}
{"tool": "probe_drawing_stamp_cells", "event": "tool.register", "logger": "src.tools.registry", "level": "info", "timestamp": "2026-07-06T20:53:22.383767Z"}
{"tool": "fill_title_block", "event": "tool.register", "logger": "src.tools.registry", "level": "info", "timestamp": "2026-07-06T20:53:22.383901Z"}
{"tool": "insert_raster_image", "event": "tool.register", "logger": "src.tools.registry", "level": "info", "timestamp": "2026-07-06T20:53:22.384013Z"}
{"tool": "create_color_view_raster", "event": "tool.register", "logger": "src.tools.registry", "level": "info", "timestamp": "2026-07-06T20:53:22.384110Z"}
{"tool": "screenshot_document", "event": "tool.register", "logger": "src.tools.registry", "level": "info", "timestamp": "2026-07-06T20:53:22.384222Z"}
{"tool": "create_layer", "event": "tool.register", "logger": "src.tools.registry", "level": "info", "timestamp": "2026-07-06T20:53:22.384311Z"}
{"tool": "set_active_layer", "event": "tool.register", "logger": "src.tools.registry", "level": "info", "timestamp": "2026-07-06T20:53:22.384426Z"}
{"tool": "set_object_layer", "event": "tool.register", "logger": "src.tools.registry", "level": "info", "timestamp": "2026-07-06T20:53:22.384544Z"}
{"tool": "create_text", "event": "tool.register", "logger": "src.tools.registry", "level": "info", "timestamp": "2026-07-06T20:53:22.384684Z"}
{"tool": "batch_execute", "event": "tool.register", "logger": "src.tools.registry", "level": "info", "timestamp": "2026-07-06T20:53:22.384804Z"}
{"tool": "execute_python_script", "event": "tool.register", "logger": "src.tools.registry", "level": "info", "timestamp": "2026-07-06T20:53:22.384925Z"}
{"tool": "execute_geometry_script", "event": "tool.register", "logger": "src.tools.registry", "level": "info", "timestamp": "2026-07-06T20:53:22.385063Z"}
{"tool": "execute_tdcad_script", "event": "tool.register", "logger": "src.tools.registry", "level": "info", "timestamp": "2026-07-06T20:53:22.385185Z"}
{"tool": "calculate_model_math", "event": "tool.register", "logger": "src.tools.registry", "level": "info", "timestamp": "2026-07-06T20:53:22.385304Z"}
{"tool": "measure_model_properties", "event": "tool.register", "logger": "src.tools.registry", "level": "info", "timestamp": "2026-07-06T20:53:22.385454Z"}
{"tool": "solve_model_goal", "event": "tool.register", "logger": "src.tools.registry", "level": "info", "timestamp": "2026-07-06T20:53:22.385588Z"}
{"tool": "describe_tool", "event": "tool.register", "logger": "src.tools.registry", "level": "info", "timestamp": "2026-07-06T20:53:22.385709Z"}
{"tool": "get_environment", "event": "tool.register", "logger": "src.tools.registry", "level": "info", "timestamp": "2026-07-06T20:53:22.385812Z"}
{"tool": "get_state_summary", "event": "tool.register", "logger": "src.tools.registry", "level": "info", "timestamp": "2026-07-06T20:53:22.385920Z"}
{"tool": "get_geometry_digest", "event": "tool.register", "logger": "src.tools.registry", "level": "info", "timestamp": "2026-07-06T20:53:22.386043Z"}
{"tool": "snapshot_state", "event": "tool.register", "logger": "src.tools.registry", "level": "info", "timestamp": "2026-07-06T20:53:22.386367Z"}
{"tool": "search_kompas_api_graph", "event": "tool.register", "logger": "src.tools.registry", "level": "info", "timestamp": "2026-07-06T20:53:22.386489Z"}
{"tool": "get_kompas_api_symbol", "event": "tool.register", "logger": "src.tools.registry", "level": "info", "timestamp": "2026-07-06T20:53:22.386595Z"}
{"tool": "list_kompas_api_transitions", "event": "tool.register", "logger": "src.tools.registry", "level": "info", "timestamp": "2026-07-06T20:53:22.386688Z"}
{"tool": "find_kompas_api_capability", "event": "tool.register", "logger": "src.tools.registry", "level": "info", "timestamp": "2026-07-06T20:53:22.386778Z"}
{"tool": "validate_kompas_api_capability", "event": "tool.register", "logger": "src.tools.registry", "level": "info", "timestamp": "2026-07-06T20:53:22.386924Z"}
{"tool": "preflight_context", "event": "tool.register", "logger": "src.tools.registry", "level": "info", "timestamp": "2026-07-06T20:53:22.387019Z"}
{"tool": "safe_feature_create", "event": "tool.register", "logger": "src.tools.registry", "level": "info", "timestamp": "2026-07-06T20:53:22.387347Z"}
{"tool": "resolve_selection", "event": "tool.register", "logger": "src.tools.registry", "level": "info", "timestamp": "2026-07-06T20:53:22.387465Z"}
{"tool": "resolve_selection_3d", "event": "tool.register", "logger": "src.tools.registry", "level": "info", "timestamp": "2026-07-06T20:53:22.387570Z"}
{"tool": "snapshot_diff", "event": "tool.register", "logger": "src.tools.registry", "level": "info", "timestamp": "2026-07-06T20:53:22.387885Z"}
{"tool": "validation_inspect", "event": "tool.register", "logger": "src.tools.registry", "level": "info", "timestamp": "2026-07-06T20:53:22.388192Z"}
{"tool": "repair_attempt", "event": "tool.register", "logger": "src.tools.registry", "level": "info", "timestamp": "2026-07-06T20:53:22.388307Z"}
{"tool": "runtime_memory", "event": "tool.register", "logger": "src.tools.registry", "level": "info", "timestamp": "2026-07-06T20:53:22.388406Z"}
{"tool": "create_change_container", "event": "tool.register", "logger": "src.tools.registry", "level": "info", "timestamp": "2026-07-06T20:53:22.388897Z"}
{"tool": "list_change_containers", "event": "tool.register", "logger": "src.tools.registry", "level": "info", "timestamp": "2026-07-06T20:53:22.389355Z"}
{"tool": "activate_change_container", "event": "tool.register", "logger": "src.tools.registry", "level": "info", "timestamp": "2026-07-06T20:53:22.389813Z"}
{"tool": "checkpoint_change_container", "event": "tool.register", "logger": "src.tools.registry", "level": "info", "timestamp": "2026-07-06T20:53:22.390256Z"}
{"tool": "restore_change_container_checkpoint", "event": "tool.register", "logger": "src.tools.registry", "level": "info", "timestamp": "2026-07-06T20:53:22.390695Z"}
{"tool": "discard_change_container", "event": "tool.register", "logger": "src.tools.registry", "level": "info", "timestamp": "2026-07-06T20:53:22.391114Z"}
{"tool": "promote_change_container", "event": "tool.register", "logger": "src.tools.registry", "level": "info", "timestamp": "2026-07-06T20:53:22.391548Z"}
{"tool": "diff_change_containers", "event": "tool.register", "logger": "src.tools.registry", "level": "info", "timestamp": "2026-07-06T20:53:22.392157Z"}
{"tool": "scenario_runner", "event": "tool.register", "logger": "src.tools.registry", "level": "info", "timestamp": "2026-07-06T20:53:22.392267Z"}
{"tool": "verify_geometry", "event": "tool.register", "logger": "src.tools.registry", "level": "info", "timestamp": "2026-07-06T20:53:22.392401Z"}
{"tool": "list_script_helpers", "event": "tool.register", "logger": "src.tools.registry", "level": "info", "timestamp": "2026-07-06T20:53:22.392522Z"}
{"tool": "execute_kompas_command", "event": "tool.register", "logger": "src.tools.registry", "level": "info", "timestamp": "2026-07-06T20:53:22.392619Z"}
{"tool": "attach_kompas_library", "event": "tool.register", "logger": "src.tools.registry", "level": "info", "timestamp": "2026-07-06T20:53:22.392706Z"}
{"tool": "detach_kompas_library", "event": "tool.register", "logger": "src.tools.registry", "level": "info", "timestamp": "2026-07-06T20:53:22.392787Z"}
{"tool": "execute_kompas_library_command", "event": "tool.register", "logger": "src.tools.registry", "level": "info", "timestamp": "2026-07-06T20:53:22.392870Z"}
{"tool": "execute_kompas_library_command_ex", "event": "tool.register", "logger": "src.tools.registry", "level": "info", "timestamp": "2026-07-06T20:53:22.392956Z"}
{"tool": "execute_library_command_by_path", "event": "tool.register", "logger": "src.tools.registry", "level": "info", "timestamp": "2026-07-06T20:53:22.393039Z"}
{"tool": "list_procedure_libraries", "event": "tool.register", "logger": "src.tools.registry", "level": "info", "timestamp": "2026-07-06T20:53:22.393121Z"}
{"tool": "list_procedure_library_commands", "event": "tool.register", "logger": "src.tools.registry", "level": "info", "timestamp": "2026-07-06T20:53:22.393203Z"}
{"tool": "create_document_3d", "event": "tool.register", "logger": "src.tools.registry", "level": "info", "timestamp": "2026-07-06T20:53:22.393495Z"}
{"tool": "get_3d_context", "event": "tool.register", "logger": "src.tools.registry", "level": "info", "timestamp": "2026-07-06T20:53:22.393803Z"}
{"tool": "set_part_properties_3d", "event": "tool.register", "logger": "src.tools.registry", "level": "info", "timestamp": "2026-07-06T20:53:22.394097Z"}
{"tool": "save_document_3d", "event": "tool.register", "logger": "src.tools.registry", "level": "info", "timestamp": "2026-07-06T20:53:22.394397Z"}
{"tool": "set_3d_view", "event": "tool.register", "logger": "src.tools.registry", "level": "info", "timestamp": "2026-07-06T20:53:22.394693Z"}
{"tool": "rebuild_model_3d", "event": "tool.register", "logger": "src.tools.registry", "level": "info", "timestamp": "2026-07-06T20:53:22.395000Z"}
{"tool": "list_default_entities_3d", "event": "tool.register", "logger": "src.tools.registry", "level": "info", "timestamp": "2026-07-06T20:53:22.395272Z"}
{"tool": "list_bodies_3d", "event": "tool.register", "logger": "src.tools.registry", "level": "info", "timestamp": "2026-07-06T20:53:22.395543Z"}
{"tool": "set_body_properties_3d", "event": "tool.register", "logger": "src.tools.registry", "level": "info", "timestamp": "2026-07-06T20:53:22.396097Z"}
{"tool": "set_body_appearance_3d", "event": "tool.register", "logger": "src.tools.registry", "level": "info", "timestamp": "2026-07-06T20:53:22.396383Z"}
{"tool": "extract_multibody_parts_table", "event": "tool.register", "logger": "src.tools.registry", "level": "info", "timestamp": "2026-07-06T20:53:22.396689Z"}
{"tool": "list_faces_3d", "event": "tool.register", "logger": "src.tools.registry", "level": "info", "timestamp": "2026-07-06T20:53:22.396960Z"}
{"tool": "list_edges_3d", "event": "tool.register", "logger": "src.tools.registry", "level": "info", "timestamp": "2026-07-06T20:53:22.397232Z"}
{"tool": "get_topology_summary_3d", "event": "tool.register", "logger": "src.tools.registry", "level": "info", "timestamp": "2026-07-06T20:53:22.397527Z"}
{"tool": "create_offset_plane_3d", "event": "tool.register", "logger": "src.tools.registry", "level": "info", "timestamp": "2026-07-06T20:53:22.397797Z"}
{"tool": "create_sketch_3d", "event": "tool.register", "logger": "src.tools.registry", "level": "info", "timestamp": "2026-07-06T20:53:22.398075Z"}
{"tool": "update_sketch_3d", "event": "tool.register", "logger": "src.tools.registry", "level": "info", "timestamp": "2026-07-06T20:53:22.398502Z"}
{"tool": "close_sketch_3d", "event": "tool.register", "logger": "src.tools.registry", "level": "info", "timestamp": "2026-07-06T20:53:22.398897Z"}
{"tool": "create_revolve_boss_3d", "event": "tool.register", "logger": "src.tools.registry", "level": "info", "timestamp": "2026-07-06T20:53:22.399207Z"}
{"tool": "create_edge_fillet_3d", "event": "tool.register", "logger": "src.tools.registry", "level": "info", "timestamp": "2026-07-06T20:53:22.399503Z"}
{"tool": "create_edge_chamfer_3d", "event": "tool.register", "logger": "src.tools.registry", "level": "info", "timestamp": "2026-07-06T20:53:22.399819Z"}
{"tool": "create_extrude_boss_3d", "event": "tool.register", "logger": "src.tools.registry", "level": "info", "timestamp": "2026-07-06T20:53:22.400151Z"}
{"tool": "create_extrude_cut_3d", "event": "tool.register", "logger": "src.tools.registry", "level": "info", "timestamp": "2026-07-06T20:53:22.400488Z"}
{"tool": "create_cylindrical_helix_3d", "event": "tool.register", "logger": "src.tools.registry", "level": "info", "timestamp": "2026-07-06T20:53:22.400780Z"}
{"tool": "create_sweep_cut_3d", "event": "tool.register", "logger": "src.tools.registry", "level": "info", "timestamp": "2026-07-06T20:53:22.401088Z"}
{"tool": "create_circular_pattern_3d", "event": "tool.register", "logger": "src.tools.registry", "level": "info", "timestamp": "2026-07-06T20:53:22.401409Z"}
{"tool": "create_linear_pattern_3d", "event": "tool.register", "logger": "src.tools.registry", "level": "info", "timestamp": "2026-07-06T20:53:22.401724Z"}
{"tool": "create_sweep_boss_3d", "event": "tool.register", "logger": "src.tools.registry", "level": "info", "timestamp": "2026-07-06T20:53:22.402006Z"}
{"tool": "create_loft_boss_3d", "event": "tool.register", "logger": "src.tools.registry", "level": "info", "timestamp": "2026-07-06T20:53:22.402299Z"}
{"tool": "create_loft_cut_3d", "event": "tool.register", "logger": "src.tools.registry", "level": "info", "timestamp": "2026-07-06T20:53:22.402603Z"}
{"tool": "create_shell_3d", "event": "tool.register", "logger": "src.tools.registry", "level": "info", "timestamp": "2026-07-06T20:53:22.402922Z"}
{"tool": "create_draft_3d", "event": "tool.register", "logger": "src.tools.registry", "level": "info", "timestamp": "2026-07-06T20:53:22.403212Z"}
{"tool": "create_rib_3d", "event": "tool.register", "logger": "src.tools.registry", "level": "info", "timestamp": "2026-07-06T20:53:22.403487Z"}
{"tool": "list_feature_tree_3d", "event": "tool.register", "logger": "src.tools.registry", "level": "info", "timestamp": "2026-07-06T20:53:22.403760Z"}
{"tool": "get_feature_info_3d", "event": "tool.register", "logger": "src.tools.registry", "level": "info", "timestamp": "2026-07-06T20:53:22.404027Z"}
{"tool": "update_feature_3d", "event": "tool.register", "logger": "src.tools.registry", "level": "info", "timestamp": "2026-07-06T20:53:22.404324Z"}
{"tool": "suppress_feature_3d", "event": "tool.register", "logger": "src.tools.registry", "level": "info", "timestamp": "2026-07-06T20:53:22.404615Z"}
HTTP Request: GET https://kompasmcp.ru/client/policy "HTTP/1.1 200 OK"
{"event": "local_authorized_server.initialize.success", "logger": "src.launcher.local_authorized_server", "level": "info", "timestamp": "2026-07-06T20:53:22.894757Z"}
Processing request of type ListToolsRequest
Processing request of type CallToolRequest
{"name": "describe_tool", "event": "handlers.call_tool.start", "logger": "src.server.handlers", "level": "info", "timestamp": "2026-07-06T20:54:24.131668Z"}
{"tool": "describe_tool", "duration": 0.002210399994510226, "duration_ms": 2, "result_status": null, "ok": true, "event": "tool.execute.success", "logger": "src.tools.base", "level": "info", "timestamp": "2026-07-06T20:54:24.134232Z"}
Processing request of type CallToolRequest
{"name": "describe_tool", "event": "handlers.call_tool.start", "logger": "src.server.handlers", "level": "info", "timestamp": "2026-07-06T20:54:24.462075Z"}
{"tool": "describe_tool", "duration": 0.0021942000021226704, "duration_ms": 2, "result_status": null, "ok": true, "event": "tool.execute.success", "logger": "src.tools.base", "level": "info", "timestamp": "2026-07-06T20:54:24.464464Z"}
Processing request of type CallToolRequest
{"name": "describe_tool", "event": "handlers.call_tool.start", "logger": "src.server.handlers", "level": "info", "timestamp": "2026-07-06T20:54:24.501772Z"}
{"tool": "describe_tool", "duration": 0.002115099996444769, "duration_ms": 2, "result_status": null, "ok": true, "event": "tool.execute.success", "logger": "src.tools.base", "level": "info", "timestamp": "2026-07-06T20:54:24.504031Z"}
Processing request of type CallToolRequest
{"name": "describe_tool", "event": "handlers.call_tool.start", "logger": "src.server.handlers", "level": "info", "timestamp": "2026-07-06T20:54:24.539466Z"}
{"tool": "describe_tool", "duration": 0.002539299995987676, "duration_ms": 2, "result_status": null, "ok": true, "event": "tool.execute.success", "logger": "src.tools.base", "level": "info", "timestamp": "2026-07-06T20:54:24.542177Z"}
Processing request of type CallToolRequest
{"name": "describe_tool", "event": "handlers.call_tool.start", "logger": "src.server.handlers", "level": "info", "timestamp": "2026-07-06T20:54:24.578012Z"}
{"tool": "describe_tool", "duration": 0.0022240000107558444, "duration_ms": 2, "result_status": null, "ok": true, "event": "tool.execute.success", "logger": "src.tools.base", "level": "info", "timestamp": "2026-07-06T20:54:24.580423Z"}
Processing request of type CallToolRequest
{"name": "describe_tool", "event": "handlers.call_tool.start", "logger": "src.server.handlers", "level": "info", "timestamp": "2026-07-06T20:54:24.616282Z"}
{"tool": "describe_tool", "duration": 0.0022502000065287575, "duration_ms": 2, "result_status": null, "ok": true, "event": "tool.execute.success", "logger": "src.tools.base", "level": "info", "timestamp": "2026-07-06T20:54:24.618737Z"}
Processing request of type CallToolRequest
{"name": "describe_tool", "event": "handlers.call_tool.start", "logger": "src.server.handlers", "level": "info", "timestamp": "2026-07-06T20:54:24.652440Z"}
{"tool": "describe_tool", "duration": 0.0024788000009721145, "duration_ms": 2, "result_status": null, "ok": true, "event": "tool.execute.success", "logger": "src.tools.base", "level": "info", "timestamp": "2026-07-06T20:54:24.655096Z"}
HTTP Request: POST https://kompasmcp.ru/client/audit "HTTP/1.1 200 OK"
Processing request of type CallToolRequest
{"name": "describe_tool", "event": "handlers.call_tool.start", "logger": "src.server.handlers", "level": "info", "timestamp": "2026-07-06T20:54:24.691149Z"}
{"tool": "describe_tool", "error": "Tool 'export_to_stl' not found", "event": "tool.execute.failed", "logger": "src.tools.base", "level": "error", "timestamp": "2026-07-06T20:54:24.693379Z"}
HTTP Request: POST https://kompasmcp.ru/client/audit "HTTP/1.1 200 OK"
Processing request of type CallToolRequest
{"name": "describe_tool", "event": "handlers.call_tool.start", "logger": "src.server.handlers", "level": "info", "timestamp": "2026-07-06T20:54:36.706492Z"}
{"tool": "describe_tool", "duration": 0.002210999999078922, "duration_ms": 2, "result_status": null, "ok": true, "event": "tool.execute.success", "logger": "src.tools.base", "level": "info", "timestamp": "2026-07-06T20:54:36.708854Z"}
Processing request of type CallToolRequest
{"name": "describe_tool", "event": "handlers.call_tool.start", "logger": "src.server.handlers", "level": "info", "timestamp": "2026-07-06T20:54:37.021972Z"}
{"tool": "describe_tool", "duration": 0.0026045999984489754, "duration_ms": 2, "result_status": null, "ok": true, "event": "tool.execute.success", "logger": "src.tools.base", "level": "info", "timestamp": "2026-07-06T20:54:37.025091Z"}
Processing request of type CallToolRequest
{"name": "describe_tool", "event": "handlers.call_tool.start", "logger": "src.server.handlers", "level": "info", "timestamp": "2026-07-06T20:54:37.061919Z"}
{"tool": "describe_tool", "duration": 0.002392499998677522, "duration_ms": 2, "result_status": null, "ok": true, "event": "tool.execute.success", "logger": "src.tools.base", "level": "info", "timestamp": "2026-07-06T20:54:37.064475Z"}
Processing request of type CallToolRequest
{"name": "describe_tool", "event": "handlers.call_tool.start", "logger": "src.server.handlers", "level": "info", "timestamp": "2026-07-06T20:54:37.098243Z"}
{"tool": "describe_tool", "duration": 0.0022157999919727445, "duration_ms": 2, "result_status": null, "ok": true, "event": "tool.execute.success", "logger": "src.tools.base", "level": "info", "timestamp": "2026-07-06T20:54:37.100614Z"}
Processing request of type CallToolRequest
{"name": "describe_tool", "event": "handlers.call_tool.start", "logger": "src.server.handlers", "level": "info", "timestamp": "2026-07-06T20:54:37.134426Z"}
{"tool": "describe_tool", "error": "Tool 'create_revolve_cut_3d' not found", "event": "tool.execute.failed", "logger": "src.tools.base", "level": "error", "timestamp": "2026-07-06T20:54:37.136641Z"}
Processing request of type CallToolRequest
{"name": "describe_tool", "event": "handlers.call_tool.start", "logger": "src.server.handlers", "level": "info", "timestamp": "2026-07-06T20:54:37.156701Z"}
{"tool": "describe_tool", "error": "Tool 'create_fillet_3d' not found", "event": "tool.execute.failed", "logger": "src.tools.base", "level": "error", "timestamp": "2026-07-06T20:54:37.159001Z"}
Processing request of type CallToolRequest
{"name": "describe_tool", "event": "handlers.call_tool.start", "logger": "src.server.handlers", "level": "info", "timestamp": "2026-07-06T20:54:37.180632Z"}
{"tool": "describe_tool", "duration": 0.0023683000035816804, "duration_ms": 2, "result_status": null, "ok": true, "event": "tool.execute.success", "logger": "src.tools.base", "level": "info", "timestamp": "2026-07-06T20:54:37.183167Z"}
Processing request of type CallToolRequest
{"name": "describe_tool", "event": "handlers.call_tool.start", "logger": "src.server.handlers", "level": "info", "timestamp": "2026-07-06T20:54:37.216532Z"}
{"tool": "describe_tool", "duration": 0.0023102999984985217, "duration_ms": 2, "result_status": null, "ok": true, "event": "tool.execute.success", "logger": "src.tools.base", "level": "info", "timestamp": "2026-07-06T20:54:37.219052Z"}
HTTP Request: POST https://kompasmcp.ru/client/audit "HTTP/1.1 200 OK"
Processing request of type CallToolRequest
{"name": "describe_tool", "event": "handlers.call_tool.start", "logger": "src.server.handlers", "level": "info", "timestamp": "2026-07-06T20:55:00.965463Z"}
{"tool": "describe_tool", "duration": 0.0023471999884350225, "duration_ms": 2, "result_status": null, "ok": true, "event": "tool.execute.success", "logger": "src.tools.base", "level": "info", "timestamp": "2026-07-06T20:55:00.967984Z"}
Processing request of type CallToolRequest
{"name": "describe_tool", "event": "handlers.call_tool.start", "logger": "src.server.handlers", "level": "info", "timestamp": "2026-07-06T20:55:01.278822Z"}
{"tool": "describe_tool", "duration": 0.0022563000093214214, "duration_ms": 2, "result_status": null, "ok": true, "event": "tool.execute.success", "logger": "src.tools.base", "level": "info", "timestamp": "2026-07-06T20:55:01.281224Z"}
Processing request of type CallToolRequest
{"name": "describe_tool", "event": "handlers.call_tool.start", "logger": "src.server.handlers", "level": "info", "timestamp": "2026-07-06T20:55:01.315326Z"}
{"tool": "describe_tool", "duration": 0.002208200006862171, "duration_ms": 2, "result_status": null, "ok": true, "event": "tool.execute.success", "logger": "src.tools.base", "level": "info", "timestamp": "2026-07-06T20:55:01.317677Z"}
Processing request of type CallToolRequest
{"name": "describe_tool", "event": "handlers.call_tool.start", "logger": "src.server.handlers", "level": "info", "timestamp": "2026-07-06T20:55:01.350003Z"}
{"tool": "describe_tool", "duration": 0.002505700002075173, "duration_ms": 2, "result_status": null, "ok": true, "event": "tool.execute.success", "logger": "src.tools.base", "level": "info", "timestamp": "2026-07-06T20:55:01.352671Z"}
HTTP Request: POST https://kompasmcp.ru/client/audit "HTTP/1.1 200 OK"
Processing request of type CallToolRequest
{"name": "create_ellipse", "event": "handlers.call_tool.start", "logger": "src.server.handlers", "level": "info", "timestamp": "2026-07-06T20:55:05.715818Z"}
HTTP Request: POST https://kompasmcp.ru/client/audit "HTTP/1.1 200 OK"
Processing request of type CallToolRequest
{"name": "create_ellipse", "event": "handlers.call_tool.start", "logger": "src.server.handlers", "level": "info", "timestamp": "2026-07-06T20:55:09.996973Z"}
HTTP Request: POST https://kompasmcp.ru/client/audit "HTTP/1.1 200 OK"
Processing request of type CallToolRequest
{"name": "create_circle", "event": "handlers.call_tool.start", "logger": "src.server.handlers", "level": "info", "timestamp": "2026-07-06T20:55:13.305100Z"}
HTTP Request: POST https://kompasmcp.ru/client/audit "HTTP/1.1 200 OK"
Processing request of type CallToolRequest
{"name": "create_ellipse", "event": "handlers.call_tool.start", "logger": "src.server.handlers", "level": "info", "timestamp": "2026-07-06T20:55:18.122345Z"}
HTTP Request: POST https://kompasmcp.ru/client/audit "HTTP/1.1 200 OK"
Processing request of type CallToolRequest
{"name": "create_ellipse_arc", "event": "handlers.call_tool.start", "logger": "src.server.handlers", "level": "info", "timestamp": "2026-07-06T20:55:21.784042Z"}
HTTP Request: POST https://kompasmcp.ru/client/audit "HTTP/1.1 200 OK"
Processing request of type CallToolRequest
{"name": "create_ellipse", "event": "handlers.call_tool.start", "logger": "src.server.handlers", "level": "info", "timestamp": "2026-07-06T20:55:25.245395Z"}
HTTP Request: GET https://kompasmcp.ru/client/policy "HTTP/1.1 200 OK"
HTTP Request: POST https://kompasmcp.ru/client/audit "HTTP/1.1 200 OK"
Processing request of type CallToolRequest
{"name": "describe_tool", "event": "handlers.call_tool.start", "logger": "src.server.handlers", "level": "info", "timestamp": "2026-07-06T20:55:28.860605Z"}
{"tool": "describe_tool", "duration": 0.0022886999940965325, "duration_ms": 2, "result_status": null, "ok": true, "event": "tool.execute.success", "logger": "src.tools.base", "level": "info", "timestamp": "2026-07-06T20:55:28.863071Z"}
HTTP Request: POST https://kompasmcp.ru/client/audit "HTTP/1.1 200 OK"
Processing request of type CallToolRequest
{"name": "execute_tdcad_script", "event": "handlers.call_tool.start", "logger": "src.server.handlers", "level": "info", "timestamp": "2026-07-06T20:56:02.198505Z"}
{"tool": "begin_transaction", "duration": 0.0022142000088933855, "duration_ms": 2, "result_status": "error", "ok": false, "event": "tool.execute.success", "logger": "src.tools.base", "level": "info", "timestamp": "2026-07-06T20:56:02.206722Z"}
{"tool": "execute_tdcad_script", "duration": 0.009217600003466941, "duration_ms": 9, "result_status": "error", "ok": false, "event": "tool.execute.success", "logger": "src.tools.base", "level": "info", "timestamp": "2026-07-06T20:56:02.207868Z"}
HTTP Request: POST https://kompasmcp.ru/client/audit "HTTP/1.1 200 OK"
Processing request of type CallToolRequest
{"name": "describe_tool", "event": "handlers.call_tool.start", "logger": "src.server.handlers", "level": "info", "timestamp": "2026-07-06T20:56:10.605389Z"}
{"tool": "describe_tool", "duration": 0.0024301999947056174, "duration_ms": 2, "result_status": null, "ok": true, "event": "tool.execute.success", "logger": "src.tools.base", "level": "info", "timestamp": "2026-07-06T20:56:10.607992Z"}
HTTP Request: POST https://kompasmcp.ru/client/audit "HTTP/1.1 200 OK"
Processing request of type CallToolRequest
{"name": "validation_inspect", "event": "handlers.call_tool.start", "logger": "src.server.handlers", "level": "info", "timestamp": "2026-07-06T20:56:14.224597Z"}
{"tool": "validation_inspect", "duration": 0.009962800002540462, "duration_ms": 9, "result_status": "error", "ok": false, "event": "tool.execute.success", "logger": "src.tools.base", "level": "info", "timestamp": "2026-07-06T20:56:14.234860Z"}
HTTP Request: POST https://kompasmcp.ru/client/audit "HTTP/1.1 200 OK"
Processing request of type CallToolRequest
{"name": "describe_tool", "event": "handlers.call_tool.start", "logger": "src.server.handlers", "level": "info", "timestamp": "2026-07-06T20:56:34.330142Z"}
{"tool": "describe_tool", "duration": 0.0021654000011039898, "duration_ms": 2, "result_status": null, "ok": true, "event": "tool.execute.success", "logger": "src.tools.base", "level": "info", "timestamp": "2026-07-06T20:56:34.332463Z"}
Processing request of type CallToolRequest
{"name": "describe_tool", "event": "handlers.call_tool.start", "logger": "src.server.handlers", "level": "info", "timestamp": "2026-07-06T20:56:34.656168Z"}
{"tool": "describe_tool", "duration": 0.002287000010255724, "duration_ms": 2, "result_status": null, "ok": true, "event": "tool.execute.success", "logger": "src.tools.base", "level": "info", "timestamp": "2026-07-06T20:56:34.658614Z"}
HTTP Request: POST https://kompasmcp.ru/client/audit "HTTP/1.1 200 OK"
Processing request of type CallToolRequest
{"name": "execute_geometry_script", "event": "handlers.call_tool.start", "logger": "src.server.handlers", "level": "info", "timestamp": "2026-07-06T20:56:41.243663Z"}
{"tool": "execute_geometry_script", "duration": 0.0037069999962113798, "duration_ms": 3, "result_status": "success", "ok": true, "event": "tool.execute.success", "logger": "src.tools.base", "level": "info", "timestamp": "2026-07-06T20:56:41.247526Z"}
HTTP Request: POST https://kompasmcp.ru/client/audit "HTTP/1.1 200 OK"
Processing request of type CallToolRequest
{"name": "execute_geometry_script", "event": "handlers.call_tool.start", "logger": "src.server.handlers", "level": "info", "timestamp": "2026-07-06T20:56:53.653047Z"}
{"tool": "execute_geometry_script", "duration": 0.0035678999993251637, "duration_ms": 3, "result_status": "error", "ok": false, "event": "tool.execute.success", "logger": "src.tools.base", "level": "info", "timestamp": "2026-07-06T20:56:53.656777Z"}
HTTP Request: POST https://kompasmcp.ru/client/audit "HTTP/1.1 200 OK"
Processing request of type CallToolRequest
{"name": "execute_geometry_script", "event": "handlers.call_tool.start", "logger": "src.server.handlers", "level": "info", "timestamp": "2026-07-06T20:56:59.254664Z"}
{"tool": "execute_geometry_script", "duration": 0.0031753999937791377, "duration_ms": 3, "result_status": "error", "ok": false, "event": "tool.execute.success", "logger": "src.tools.base", "level": "info", "timestamp": "2026-07-06T20:56:59.257995Z"}
HTTP Request: POST https://kompasmcp.ru/client/audit "HTTP/1.1 200 OK"
Processing request of type CallToolRequest
{"name": "validation_inspect", "event": "handlers.call_tool.start", "logger": "src.server.handlers", "level": "info", "timestamp": "2026-07-06T20:57:08.090766Z"}
{"tool": "validation_inspect", "duration": 0.007751500001177192, "duration_ms": 7, "result_status": "error", "ok": false, "event": "tool.execute.success", "logger": "src.tools.base", "level": "info", "timestamp": "2026-07-06T20:57:08.098743Z"}
HTTP Request: POST https://kompasmcp.ru/client/audit "HTTP/1.1 200 OK"
Processing request of type CallToolRequest
{"name": "execute_geometry_script", "event": "handlers.call_tool.start", "logger": "src.server.handlers", "level": "info", "timestamp": "2026-07-06T20:57:27.768744Z"}
{"mode": "api7", "make_active": true, "visible": true, "event": "kompas.document3d.created", "logger": "src.kompas.connection", "level": "info", "timestamp": "2026-07-06T20:57:28.219690Z"}
{"tool": "create_document_3d", "duration": 0.44972159998724237, "duration_ms": 449, "result_status": "success", "ok": true, "event": "tool.execute.success", "logger": "src.tools.base", "level": "info", "timestamp": "2026-07-06T20:57:28.221758Z"}
{"tool": "execute_geometry_script", "duration": 0.45341479999478906, "duration_ms": 453, "result_status": "success", "ok": true, "event": "tool.execute.success", "logger": "src.tools.base", "level": "info", "timestamp": "2026-07-06T20:57:28.222334Z"}
HTTP Request: GET https://kompasmcp.ru/client/policy "HTTP/1.1 200 OK"
HTTP Request: POST https://kompasmcp.ru/client/audit "HTTP/1.1 200 OK"
Processing request of type CallToolRequest
{"name": "execute_geometry_script", "event": "handlers.call_tool.start", "logger": "src.server.handlers", "level": "info", "timestamp": "2026-07-06T20:57:37.128765Z"}
{"tool": "execute_geometry_script", "duration": 0.0030276000034064054, "duration_ms": 3, "result_status": "error", "ok": false, "event": "tool.execute.success", "logger": "src.tools.base", "level": "info", "timestamp": "2026-07-06T20:57:37.131935Z"}
HTTP Request: POST https://kompasmcp.ru/client/audit "HTTP/1.1 200 OK"
Processing request of type CallToolRequest
{"name": "runtime_memory", "event": "handlers.call_tool.start", "logger": "src.server.handlers", "level": "info", "timestamp": "2026-07-06T20:57:40.624672Z"}
{"tool": "runtime_memory", "duration": 0.0046326000010594726, "duration_ms": 4, "result_status": null, "ok": true, "event": "tool.execute.success", "logger": "src.tools.base", "level": "info", "timestamp": "2026-07-06T20:57:40.629554Z"}
HTTP Request: POST https://kompasmcp.ru/client/audit "HTTP/1.1 200 OK"
Processing request of type CallToolRequest
{"name": "execute_tdcad_script", "event": "handlers.call_tool.start", "logger": "src.server.handlers", "level": "info", "timestamp": "2026-07-06T20:58:08.855819Z"}
{"tool": "begin_transaction", "duration": 0.13165929999377113, "duration_ms": 131, "result_status": "success", "ok": true, "event": "tool.execute.success", "logger": "src.tools.base", "level": "info", "timestamp": "2026-07-06T20:58:09.008226Z"}
{"tool": "save_document_3d", "duration": 0.07778699998743832, "duration_ms": 77, "result_status": "success", "ok": true, "event": "tool.execute.success", "logger": "src.tools.base", "level": "info", "timestamp": "2026-07-06T20:58:09.087417Z"}
{"tool": "create_sketch_3d", "duration": 0.0991230999934487, "duration_ms": 99, "result_status": "success", "ok": true, "event": "tool.execute.success", "logger": "src.tools.base", "level": "info", "timestamp": "2026-07-06T20:58:09.188316Z"}
{"tool": "update_sketch_3d", "duration": 0.04693329999281559, "duration_ms": 46, "result_status": "success", "ok": true, "event": "tool.execute.success", "logger": "src.tools.base", "level": "info", "timestamp": "2026-07-06T20:58:09.236937Z"}
{"tool": "close_sketch_3d", "duration": 0.020015999994939193, "duration_ms": 20, "result_status": "success", "ok": true, "event": "tool.execute.success", "logger": "src.tools.base", "level": "info", "timestamp": "2026-07-06T20:58:09.258135Z"}
{"tool": "create_revolve_boss_3d", "duration": 0.48757079998904373, "duration_ms": 487, "result_status": "success", "ok": true, "event": "tool.execute.success", "logger": "src.tools.base", "level": "info", "timestamp": "2026-07-06T20:58:09.747103Z"}
{"tool": "rebuild_model_3d", "duration": 0.019946700005675666, "duration_ms": 19, "result_status": "success", "ok": true, "event": "tool.execute.success", "logger": "src.tools.base", "level": "info", "timestamp": "2026-07-06T20:58:09.768516Z"}
{"tool": "save_document_3d", "duration": 0.10996000000159256, "duration_ms": 109, "result_status": "success", "ok": true, "event": "tool.execute.success", "logger": "src.tools.base", "level": "info", "timestamp": "2026-07-06T20:58:09.879899Z"}
{"tool": "validation_inspect", "duration": 1.2866435000032652, "duration_ms": 1286, "result_status": "success", "ok": true, "event": "tool.execute.success", "logger": "src.tools.base", "level": "info", "timestamp": "2026-07-06T20:58:11.168463Z"}
{"tool": "rebuild_model_3d", "duration": 0.0279409999930067, "duration_ms": 27, "result_status": "success", "ok": true, "event": "tool.execute.success", "logger": "src.tools.base", "level": "info", "timestamp": "2026-07-06T20:58:11.198071Z"}
{"tool": "validation_inspect", "duration": 1.0775748999876669, "duration_ms": 1077, "result_status": "success", "ok": true, "event": "tool.execute.success", "logger": "src.tools.base", "level": "info", "timestamp": "2026-07-06T20:58:12.277129Z"}
{"tool": "get_3d_context", "duration": 0.11648609999974724, "duration_ms": 116, "result_status": "success", "ok": true, "event": "tool.execute.success", "logger": "src.tools.base", "level": "info", "timestamp": "2026-07-06T20:58:12.395370Z"}
{"tool": "list_feature_tree_3d", "duration": 0.10189619999437127, "duration_ms": 101, "result_status": "success", "ok": true, "event": "tool.execute.success", "logger": "src.tools.base", "level": "info", "timestamp": "2026-07-06T20:58:12.498708Z"}
{"tool": "list_bodies_3d", "duration": 0.27008410000416916, "duration_ms": 270, "result_status": "success", "ok": true, "event": "tool.execute.success", "logger": "src.tools.base", "level": "info", "timestamp": "2026-07-06T20:58:12.770315Z"}
{"tool": "rollback_transaction", "duration": 0.5682054000062635, "duration_ms": 568, "result_status": "success", "ok": true, "event": "tool.execute.success", "logger": "src.tools.base", "level": "info", "timestamp": "2026-07-06T20:58:13.339877Z"}
{"tool": "execute_tdcad_script", "duration": 4.485253899998497, "duration_ms": 4485, "result_status": "error", "ok": false, "event": "tool.execute.success", "logger": "src.tools.base", "level": "info", "timestamp": "2026-07-06T20:58:13.341272Z"}
HTTP Request: POST https://kompasmcp.ru/client/audit "HTTP/1.1 200 OK"
Processing request of type CallToolRequest
{"name": "runtime_memory", "event": "handlers.call_tool.start", "logger": "src.server.handlers", "level": "info", "timestamp": "2026-07-06T20:58:20.589102Z"}
{"tool": "runtime_memory", "duration": 0.004736200004117563, "duration_ms": 4, "result_status": null, "ok": true, "event": "tool.execute.success", "logger": "src.tools.base", "level": "info", "timestamp": "2026-07-06T20:58:20.594167Z"}
HTTP Request: POST https://kompasmcp.ru/client/audit "HTTP/1.1 200 OK"
Processing request of type CallToolRequest
{"name": "validation_inspect", "event": "handlers.call_tool.start", "logger": "src.server.handlers", "level": "info", "timestamp": "2026-07-06T20:58:28.148749Z"}
{"tool": "validation_inspect", "duration": 1.9804392000078224, "duration_ms": 1980, "result_status": "success", "ok": true, "event": "tool.execute.success", "logger": "src.tools.base", "level": "info", "timestamp": "2026-07-06T20:58:30.129375Z"}
Processing request of type CallToolRequest
{"name": "runtime_memory", "event": "handlers.call_tool.start", "logger": "src.server.handlers", "level": "info", "timestamp": "2026-07-06T20:58:30.441577Z"}
{"tool": "runtime_memory", "duration": 0.005243300009169616, "duration_ms": 5, "result_status": null, "ok": true, "event": "tool.execute.success", "logger": "src.tools.base", "level": "info", "timestamp": "2026-07-06T20:58:30.449520Z"}
HTTP Request: POST https://kompasmcp.ru/client/audit "HTTP/1.1 200 OK"
Processing request of type CallToolRequest
{"name": "snapshot_state", "event": "handlers.call_tool.start", "logger": "src.server.handlers", "level": "info", "timestamp": "2026-07-06T20:58:43.334216Z"}
{"error": "Active document must be a drawing or fragment (got \u0414\u0435\u0442\u0430\u043b\u044c (3d_part))", "event": "exporter.api5_interface_unavailable", "logger": "src.kompas.iterator", "level": "warning", "timestamp": "2026-07-06T20:58:43.347695Z"}
{"spec": "line_segment", "error": "Active document must be a drawing or fragment (got \u0414\u0435\u0442\u0430\u043b\u044c (3d_part))", "event": "exporter.api7_export.failed", "logger": "src.kompas.iterator", "level": "error", "timestamp": "2026-07-06T20:58:43.350284Z"}
{"spec": "circle", "error": "Active document must be a drawing or fragment (got \u0414\u0435\u0442\u0430\u043b\u044c (3d_part))", "event": "exporter.api7_export.failed", "logger": "src.kompas.iterator", "level": "error", "timestamp": "2026-07-06T20:58:43.352584Z"}
{"spec": "arc", "error": "Active document must be a drawing or fragment (got \u0414\u0435\u0442\u0430\u043b\u044c (3d_part))", "event": "exporter.api7_export.failed", "logger": "src.kompas.iterator", "level": "error", "timestamp": "2026-07-06T20:58:43.354687Z"}
{"spec": "point", "error": "Active document must be a drawing or fragment (got \u0414\u0435\u0442\u0430\u043b\u044c (3d_part))", "event": "exporter.api7_export.failed", "logger": "src.kompas.iterator", "level": "error", "timestamp": "2026-07-06T20:58:43.357328Z"}
{"spec": "rectangle", "error": "Active document must be a drawing or fragment (got \u0414\u0435\u0442\u0430\u043b\u044c (3d_part))", "event": "exporter.api7_export.failed", "logger": "src.kompas.iterator", "level": "error", "timestamp": "2026-07-06T20:58:43.359553Z"}
{"spec": "ellipse", "error": "Active document must be a drawing or fragment (got \u0414\u0435\u0442\u0430\u043b\u044c (3d_part))", "event": "exporter.api7_export.failed", "logger": "src.kompas.iterator", "level": "error", "timestamp": "2026-07-06T20:58:43.361949Z"}
{"spec": "ellipse_arc", "error": "Active document must be a drawing or fragment (got \u0414\u0435\u0442\u0430\u043b\u044c (3d_part))", "event": "exporter.api7_export.failed", "logger": "src.kompas.iterator", "level": "error", "timestamp": "2026-07-06T20:58:43.364029Z"}
{"spec": "regular_polygon", "error": "Active document must be a drawing or fragment (got \u0414\u0435\u0442\u0430\u043b\u044c (3d_part))", "event": "exporter.api7_export.failed", "logger": "src.kompas.iterator", "level": "error", "timestamp": "2026-07-06T20:58:43.365978Z"}
{"tool": "snapshot_state", "duration": 0.5226485000021057, "duration_ms": 522, "result_status": null, "ok": true, "event": "tool.execute.success", "logger": "src.tools.base", "level": "info", "timestamp": "2026-07-06T20:58:43.858053Z"}
HTTP Request: POST https://kompasmcp.ru/client/audit "HTTP/1.1 200 OK"
Processing request of type ReadResourceRequest
Processing request of type CallToolRequest
{"name": "describe_tool", "event": "handlers.call_tool.start", "logger": "src.server.handlers", "level": "info", "timestamp": "2026-07-06T20:58:55.037845Z"}
{"tool": "describe_tool", "duration": 0.00216980000550393, "duration_ms": 2, "result_status": null, "ok": true, "event": "tool.execute.success", "logger": "src.tools.base", "level": "info", "timestamp": "2026-07-06T20:58:55.040177Z"}
HTTP Request: POST https://kompasmcp.ru/client/audit "HTTP/1.1 200 OK"
Processing request of type CallToolRequest
{"name": "execute_geometry_script", "event": "handlers.call_tool.start", "logger": "src.server.handlers", "level": "info", "timestamp": "2026-07-06T20:58:59.467146Z"}
{"mode": "api7", "make_active": true, "visible": true, "event": "kompas.document3d.created", "logger": "src.kompas.connection", "level": "info", "timestamp": "2026-07-06T20:58:59.930559Z"}
{"tool": "create_document_3d", "duration": 0.46218789998965804, "duration_ms": 462, "result_status": "success", "ok": true, "event": "tool.execute.success", "logger": "src.tools.base", "level": "info", "timestamp": "2026-07-06T20:58:59.932543Z"}
{"tool": "execute_geometry_script", "duration": 0.46572459999879356, "duration_ms": 465, "result_status": "success", "ok": true, "event": "tool.execute.success", "logger": "src.tools.base", "level": "info", "timestamp": "2026-07-06T20:58:59.933082Z"}
HTTP Request: POST https://kompasmcp.ru/client/audit "HTTP/1.1 200 OK"
Processing request of type CallToolRequest
{"name": "describe_tool", "event": "handlers.call_tool.start", "logger": "src.server.handlers", "level": "info", "timestamp": "2026-07-06T20:59:04.002016Z"}
{"tool": "describe_tool", "duration": 0.0021032000076957047, "duration_ms": 2, "result_status": null, "ok": true, "event": "tool.execute.success", "logger": "src.tools.base", "level": "info", "timestamp": "2026-07-06T20:59:04.004298Z"}
HTTP Request: POST https://kompasmcp.ru/client/audit "HTTP/1.1 200 OK"
Processing request of type CallToolRequest
{"name": "describe_tool", "event": "handlers.call_tool.start", "logger": "src.server.handlers", "level": "info", "timestamp": "2026-07-06T20:59:07.719155Z"}
{"tool": "describe_tool", "duration": 0.00215500000922475, "duration_ms": 2, "result_status": null, "ok": true, "event": "tool.execute.success", "logger": "src.tools.base", "level": "info", "timestamp": "2026-07-06T20:59:07.721440Z"}
HTTP Request: POST https://kompasmcp.ru/client/audit "HTTP/1.1 200 OK"
Processing request of type CallToolRequest
{"name": "describe_tool", "event": "handlers.call_tool.start", "logger": "src.server.handlers", "level": "info", "timestamp": "2026-07-06T20:59:11.113736Z"}
{"tool": "describe_tool", "duration": 0.002090399997541681, "duration_ms": 2, "result_status": null, "ok": true, "event": "tool.execute.success", "logger": "src.tools.base", "level": "info", "timestamp": "2026-07-06T20:59:11.115952Z"}
HTTP Request: POST https://kompasmcp.ru/client/audit "HTTP/1.1 200 OK"
Processing request of type CallToolRequest
{"name": "validation_inspect", "event": "handlers.call_tool.start", "logger": "src.server.handlers", "level": "info", "timestamp": "2026-07-06T20:59:17.526690Z"}
{"tool": "validation_inspect", "duration": 2.5487619999912567, "duration_ms": 2548, "result_status": "success", "ok": true, "event": "tool.execute.success", "logger": "src.tools.base", "level": "info", "timestamp": "2026-07-06T20:59:20.075702Z"}
HTTP Request: POST https://kompasmcp.ru/client/audit "HTTP/1.1 200 OK"
Processing request of type CallToolRequest
{"name": "describe_tool", "event": "handlers.call_tool.start", "logger": "src.server.handlers", "level": "info", "timestamp": "2026-07-06T20:59:23.921926Z"}
{"tool": "describe_tool", "duration": 0.0026731000107247382, "duration_ms": 2, "result_status": null, "ok": true, "event": "tool.execute.success", "logger": "src.tools.base", "level": "info", "timestamp": "2026-07-06T20:59:23.924893Z"}
HTTP Request: POST https://kompasmcp.ru/client/audit "HTTP/1.1 200 OK"
Processing request of type CallToolRequest
{"name": "describe_tool", "event": "handlers.call_tool.start", "logger": "src.server.handlers", "level": "info", "timestamp": "2026-07-06T20:59:26.693325Z"}
{"tool": "describe_tool", "duration": 0.0024450000055367127, "duration_ms": 2, "result_status": null, "ok": true, "event": "tool.execute.success", "logger": "src.tools.base", "level": "info", "timestamp": "2026-07-06T20:59:26.695915Z"}
HTTP Request: POST https://kompasmcp.ru/client/audit "HTTP/1.1 200 OK"
Processing request of type CallToolRequest
{"name": "validation_inspect", "event": "handlers.call_tool.start", "logger": "src.server.handlers", "level": "info", "timestamp": "2026-07-06T20:59:30.007938Z"}
HTTP Request: GET https://kompasmcp.ru/client/policy "HTTP/1.1 200 OK"
{"tool": "validation_inspect", "duration": 1.244786799987196, "duration_ms": 1244, "result_status": "success", "ok": true, "event": "tool.execute.success", "logger": "src.tools.base", "level": "info", "timestamp": "2026-07-06T20:59:31.252907Z"}
HTTP Request: POST https://kompasmcp.ru/client/audit "HTTP/1.1 200 OK"
Processing request of type CallToolRequest
{"name": "execute_tdcad_script", "event": "handlers.call_tool.start", "logger": "src.server.handlers", "level": "info", "timestamp": "2026-07-06T20:59:40.796691Z"}
{"tool": "execute_tdcad_script", "duration": 0.003753899989533238, "duration_ms": 3, "result_status": "error", "ok": false, "event": "tool.execute.success", "logger": "src.tools.base", "level": "info", "timestamp": "2026-07-06T20:59:40.800605Z"}
HTTP Request: POST https://kompasmcp.ru/client/audit "HTTP/1.1 200 OK"
Processing request of type CallToolRequest
{"name": "execute_tdcad_script", "event": "handlers.call_tool.start", "logger": "src.server.handlers", "level": "info", "timestamp": "2026-07-06T20:59:52.281771Z"}
{"tool": "begin_transaction", "duration": 0.1206256999867037, "duration_ms": 120, "result_status": "success", "ok": true, "event": "tool.execute.success", "logger": "src.tools.base", "level": "info", "timestamp": "2026-07-06T20:59:52.406156Z"}
{"tool": "open_document", "duration": 0.26674829999683425, "duration_ms": 266, "result_status": null, "ok": true, "event": "tool.execute.success", "logger": "src.tools.base", "level": "info", "timestamp": "2026-07-06T20:59:52.674222Z"}
{"tool": "screenshot_document", "duration": 0.2937147999909939, "duration_ms": 293, "result_status": "success", "ok": true, "event": "tool.execute.success", "logger": "src.tools.base", "level": "info", "timestamp": "2026-07-06T20:59:52.969508Z"}
{"tool": "validation_inspect", "duration": 1.333117600006517, "duration_ms": 1333, "result_status": "success", "ok": true, "event": "tool.execute.success", "logger": "src.tools.base", "level": "info", "timestamp": "2026-07-06T20:59:54.304180Z"}
{"tool": "rebuild_model_3d", "duration": 0.010210799999185838, "duration_ms": 10, "result_status": "success", "ok": true, "event": "tool.execute.success", "logger": "src.tools.base", "level": "info", "timestamp": "2026-07-06T20:59:54.315952Z"}
{"tool": "validation_inspect", "duration": 1.3192993999982718, "duration_ms": 1319, "result_status": "success", "ok": true, "event": "tool.execute.success", "logger": "src.tools.base", "level": "info", "timestamp": "2026-07-06T20:59:55.636360Z"}
{"tool": "get_3d_context", "duration": 0.14041699998779222, "duration_ms": 140, "result_status": "success", "ok": true, "event": "tool.execute.success", "logger": "src.tools.base", "level": "info", "timestamp": "2026-07-06T20:59:55.778642Z"}
{"tool": "rollback_transaction", "duration": 0.2386194999999134, "duration_ms": 238, "result_status": "success", "ok": true, "event": "tool.execute.success", "logger": "src.tools.base", "level": "info", "timestamp": "2026-07-06T20:59:56.018089Z"}
{"tool": "execute_tdcad_script", "duration": 3.7364715000003343, "duration_ms": 3736, "result_status": "success", "ok": true, "event": "tool.execute.success", "logger": "src.tools.base", "level": "info", "timestamp": "2026-07-06T20:59:56.018445Z"}
HTTP Request: POST https://kompasmcp.ru/client/audit "HTTP/1.1 200 OK"
Processing request of type CallToolRequest
{"name": "describe_tool", "event": "handlers.call_tool.start", "logger": "src.server.handlers", "level": "info", "timestamp": "2026-07-06T21:00:08.647972Z"}
{"tool": "describe_tool", "duration": 0.0022741000138921663, "duration_ms": 2, "result_status": null, "ok": true, "event": "tool.execute.success", "logger": "src.tools.base", "level": "info", "timestamp": "2026-07-06T21:00:08.650373Z"}
HTTP Request: POST https://kompasmcp.ru/client/audit "HTTP/1.1 200 OK"
Processing request of type CallToolRequest
{"name": "validation_inspect", "event": "handlers.call_tool.start", "logger": "src.server.handlers", "level": "info", "timestamp": "2026-07-06T21:00:12.171009Z"}
{"tool": "validation_inspect", "duration": 2.0354731999977957, "duration_ms": 2035, "result_status": "success", "ok": true, "event": "tool.execute.success", "logger": "src.tools.base", "level": "info", "timestamp": "2026-07-06T21:00:14.206680Z"}
HTTP Request: POST https://kompasmcp.ru/client/audit "HTTP/1.1 200 OK"
Processing request of type CallToolRequest
{"name": "execute_tdcad_script", "event": "handlers.call_tool.start", "logger": "src.server.handlers", "level": "info", "timestamp": "2026-07-06T21:00:20.217360Z"}
{"tool": "begin_transaction", "duration": 0.007952900006785057, "duration_ms": 7, "result_status": "success", "ok": true, "event": "tool.execute.success", "logger": "src.tools.base", "level": "info", "timestamp": "2026-07-06T21:00:20.229156Z"}
{"tool": "list_edges_3d", "duration": 0.05282029999943916, "duration_ms": 52, "result_status": "success", "ok": true, "event": "tool.execute.success", "logger": "src.tools.base", "level": "info", "timestamp": "2026-07-06T21:00:20.283049Z"}
{"tool": "validation_inspect", "duration": 1.3677810999943176, "duration_ms": 1367, "result_status": "success", "ok": true, "event": "tool.execute.success", "logger": "src.tools.base", "level": "info", "timestamp": "2026-07-06T21:00:21.652669Z"}
{"tool": "rebuild_model_3d", "duration": 0.009962500000256114, "duration_ms": 9, "result_status": "success", "ok": true, "event": "tool.execute.success", "logger": "src.tools.base", "level": "info", "timestamp": "2026-07-06T21:00:21.664239Z"}
{"tool": "validation_inspect", "duration": 1.9711202000034973, "duration_ms": 1971, "result_status": "success", "ok": true, "event": "tool.execute.success", "logger": "src.tools.base", "level": "info", "timestamp": "2026-07-06T21:00:23.636420Z"}
{"tool": "rollback_transaction", "duration": 0.957492400004412, "duration_ms": 957, "result_status": "success", "ok": true, "event": "tool.execute.success", "logger": "src.tools.base", "level": "info", "timestamp": "2026-07-06T21:00:24.594974Z"}
{"tool": "execute_tdcad_script", "duration": 4.3778003999905195, "duration_ms": 4377, "result_status": "success", "ok": true, "event": "tool.execute.success", "logger": "src.tools.base", "level": "info", "timestamp": "2026-07-06T21:00:24.595344Z"}
HTTP Request: POST https://kompasmcp.ru/client/audit "HTTP/1.1 200 OK"
Processing request of type CallToolRequest
{"name": "describe_tool", "event": "handlers.call_tool.start", "logger": "src.server.handlers", "level": "info", "timestamp": "2026-07-06T21:01:36.178257Z"}
{"tool": "describe_tool", "duration": 0.0021970000088913366, "duration_ms": 2, "result_status": null, "ok": true, "event": "tool.execute.success", "logger": "src.tools.base", "level": "info", "timestamp": "2026-07-06T21:01:36.180654Z"}
Processing request of type CallToolRequest
{"name": "describe_tool", "event": "handlers.call_tool.start", "logger": "src.server.handlers", "level": "info", "timestamp": "2026-07-06T21:01:36.785515Z"}
{"tool": "describe_tool", "duration": 0.002533199993195012, "duration_ms": 2, "result_status": null, "ok": true, "event": "tool.execute.success", "logger": "src.tools.base", "level": "info", "timestamp": "2026-07-06T21:01:36.788240Z"}
Processing request of type CallToolRequest
{"name": "describe_tool", "event": "handlers.call_tool.start", "logger": "src.server.handlers", "level": "info", "timestamp": "2026-07-06T21:01:36.830460Z"}
{"tool": "describe_tool", "duration": 0.003929099999368191, "duration_ms": 3, "result_status": null, "ok": true, "event": "tool.execute.success", "logger": "src.tools.base", "level": "info", "timestamp": "2026-07-06T21:01:36.834640Z"}
HTTP Request: GET https://kompasmcp.ru/client/policy "HTTP/1.1 200 OK"
HTTP Request: POST https://kompasmcp.ru/client/audit "HTTP/1.1 200 OK"
Processing request of type CallToolRequest
{"name": "execute_tdcad_script", "event": "handlers.call_tool.start", "logger": "src.server.handlers", "level": "info", "timestamp": "2026-07-06T21:01:51.165404Z"}
{"tool": "begin_transaction", "duration": 0.009136200009379536, "duration_ms": 9, "result_status": "success", "ok": true, "event": "tool.execute.success", "logger": "src.tools.base", "level": "info", "timestamp": "2026-07-06T21:01:51.178799Z"}
{"tool": "open_document", "duration": 0.007472900004358962, "duration_ms": 7, "result_status": null, "ok": true, "event": "tool.execute.success", "logger": "src.tools.base", "level": "info", "timestamp": "2026-07-06T21:01:51.187299Z"}
{"tool": "screenshot_document", "duration": 1.1698598000075435, "duration_ms": 1169, "result_status": "success", "ok": true, "event": "tool.execute.success", "logger": "src.tools.base", "level": "info", "timestamp": "2026-07-06T21:01:52.358620Z"}
{"tool": "screenshot_document", "duration": 0.4738197999977274, "duration_ms": 473, "result_status": "success", "ok": true, "event": "tool.execute.success", "logger": "src.tools.base", "level": "info", "timestamp": "2026-07-06T21:01:52.833931Z"}
{"tool": "screenshot_document", "duration": 0.32703630000469275, "duration_ms": 327, "result_status": "success", "ok": true, "event": "tool.execute.success", "logger": "src.tools.base", "level": "info", "timestamp": "2026-07-06T21:01:53.162705Z"}
{"tool": "validation_inspect", "duration": 1.5006331000040518, "duration_ms": 1500, "result_status": "success", "ok": true, "event": "tool.execute.success", "logger": "src.tools.base", "level": "info", "timestamp": "2026-07-06T21:01:54.664880Z"}
{"tool": "rebuild_model_3d", "duration": 0.010555100001511164, "duration_ms": 10, "result_status": "success", "ok": true, "event": "tool.execute.success", "logger": "src.tools.base", "level": "info", "timestamp": "2026-07-06T21:01:54.677224Z"}
{"tool": "validation_inspect", "duration": 1.450186499991105, "duration_ms": 1450, "result_status": "success", "ok": true, "event": "tool.execute.success", "logger": "src.tools.base", "level": "info", "timestamp": "2026-07-06T21:01:56.128961Z"}
{"tool": "get_3d_context", "duration": 0.17114350000338163, "duration_ms": 171, "result_status": "success", "ok": true, "event": "tool.execute.success", "logger": "src.tools.base", "level": "info", "timestamp": "2026-07-06T21:01:56.302033Z"}
{"tool": "rollback_transaction", "duration": 1.163141800003359, "duration_ms": 1163, "result_status": "success", "ok": true, "event": "tool.execute.success", "logger": "src.tools.base", "level": "info", "timestamp": "2026-07-06T21:01:57.466232Z"}
{"tool": "execute_tdcad_script", "duration": 6.301042799997958, "duration_ms": 6301, "result_status": "success", "ok": true, "event": "tool.execute.success", "logger": "src.tools.base", "level": "info", "timestamp": "2026-07-06T21:01:57.466693Z"}
HTTP Request: POST https://kompasmcp.ru/client/audit "HTTP/1.1 200 OK"
Processing request of type CallToolRequest
{"name": "describe_tool", "event": "handlers.call_tool.start", "logger": "src.server.handlers", "level": "info", "timestamp": "2026-07-06T21:02:23.917589Z"}
{"tool": "describe_tool", "duration": 0.0022234000061871484, "duration_ms": 2, "result_status": null, "ok": true, "event": "tool.execute.success", "logger": "src.tools.base", "level": "info", "timestamp": "2026-07-06T21:02:23.920031Z"}
Processing request of type CallToolRequest
{"name": "describe_tool", "event": "handlers.call_tool.start", "logger": "src.server.handlers", "level": "info", "timestamp": "2026-07-06T21:02:24.239078Z"}
{"tool": "describe_tool", "duration": 0.002540500005125068, "duration_ms": 2, "result_status": null, "ok": true, "event": "tool.execute.success", "logger": "src.tools.base", "level": "info", "timestamp": "2026-07-06T21:02:24.241810Z"}
Processing request of type CallToolRequest
{"name": "describe_tool", "event": "handlers.call_tool.start", "logger": "src.server.handlers", "level": "info", "timestamp": "2026-07-06T21:02:24.276573Z"}
{"tool": "describe_tool", "duration": 0.0025156999909086153, "duration_ms": 2, "result_status": null, "ok": true, "event": "tool.execute.success", "logger": "src.tools.base", "level": "info", "timestamp": "2026-07-06T21:02:24.279251Z"}
HTTP Request: POST https://kompasmcp.ru/client/audit "HTTP/1.1 200 OK"
Processing request of type CallToolRequest
{"name": "validation_inspect", "event": "handlers.call_tool.start", "logger": "src.server.handlers", "level": "info", "timestamp": "2026-07-06T21:02:39.946043Z"}
{"tool": "validation_inspect", "duration": 1.8598203000001376, "duration_ms": 1859, "result_status": "success", "ok": true, "event": "tool.execute.success", "logger": "src.tools.base", "level": "info", "timestamp": "2026-07-06T21:02:41.806063Z"}
Processing request of type CallToolRequest
{"name": "execute_tdcad_script", "event": "handlers.call_tool.start", "logger": "src.server.handlers", "level": "info", "timestamp": "2026-07-06T21:02:42.128882Z"}
{"tool": "begin_transaction", "duration": 0.008862799993949011, "duration_ms": 8, "result_status": "success", "ok": true, "event": "tool.execute.success", "logger": "src.tools.base", "level": "info", "timestamp": "2026-07-06T21:02:42.141570Z"}
{"tool": "measure_model_properties", "duration": 0.2429606999940006, "duration_ms": 242, "result_status": "success", "ok": true, "event": "tool.execute.success", "logger": "src.tools.base", "level": "info", "timestamp": "2026-07-06T21:02:42.385699Z"}
{"tool": "validation_inspect", "duration": 1.5212973999878159, "duration_ms": 1521, "result_status": "success", "ok": true, "event": "tool.execute.success", "logger": "src.tools.base", "level": "info", "timestamp": "2026-07-06T21:02:43.908563Z"}
{"tool": "rebuild_model_3d", "duration": 0.03216000000247732, "duration_ms": 32, "result_status": "success", "ok": true, "event": "tool.execute.success", "logger": "src.tools.base", "level": "info", "timestamp": "2026-07-06T21:02:43.942464Z"}
{"tool": "validation_inspect", "duration": 1.5338917000044603, "duration_ms": 1533, "result_status": "success", "ok": true, "event": "tool.execute.success", "logger": "src.tools.base", "level": "info", "timestamp": "2026-07-06T21:02:45.477919Z"}
{"tool": "get_3d_context", "duration": 0.18354179999732878, "duration_ms": 183, "result_status": "success", "ok": true, "event": "tool.execute.success", "logger": "src.tools.base", "level": "info", "timestamp": "2026-07-06T21:02:45.663422Z"}
HTTP Request: POST https://kompasmcp.ru/client/audit "HTTP/1.1 200 OK"
{"tool": "rollback_transaction", "duration": 1.1679788999899756, "duration_ms": 1167, "result_status": "success", "ok": true, "event": "tool.execute.success", "logger": "src.tools.base", "level": "info", "timestamp": "2026-07-06T21:02:46.832314Z"}
{"tool": "execute_tdcad_script", "duration": 4.7036516000080155, "duration_ms": 4703, "result_status": "success", "ok": true, "event": "tool.execute.success", "logger": "src.tools.base", "level": "info", "timestamp": "2026-07-06T21:02:46.832788Z"}
HTTP Request: POST https://kompasmcp.ru/client/audit "HTTP/1.1 200 OK"
Processing request of type CallToolRequest
{"name": "execute_tdcad_script", "event": "handlers.call_tool.start", "logger": "src.server.handlers", "level": "info", "timestamp": "2026-07-06T21:03:46.338436Z"}
{"tool": "begin_transaction", "duration": 0.27891370000725146, "duration_ms": 278, "result_status": "success", "ok": true, "event": "tool.execute.success", "logger": "src.tools.base", "level": "info", "timestamp": "2026-07-06T21:03:46.621712Z"}
{"tool": "open_document", "duration": 0.610010800010059, "duration_ms": 610, "result_status": null, "ok": true, "event": "tool.execute.success", "logger": "src.tools.base", "level": "info", "timestamp": "2026-07-06T21:03:47.232969Z"}
{"tool": "create_offset_plane_3d", "duration": 0.09463769999274518, "duration_ms": 94, "result_status": "success", "ok": true, "event": "tool.execute.success", "logger": "src.tools.base", "level": "info", "timestamp": "2026-07-06T21:03:47.329407Z"}
{"tool": "create_sketch_3d", "duration": 0.10106489999452606, "duration_ms": 101, "result_status": "success", "ok": true, "event": "tool.execute.success", "logger": "src.tools.base", "level": "info", "timestamp": "2026-07-06T21:03:47.432129Z"}
{"tip": 91, "struct_id": 91, "param_type": "ksRectangleParam", "event": "kompas.get_param_struct.success", "logger": "src.kompas.connection", "level": "info", "timestamp": "2026-07-06T21:03:47.480091Z"}
{"tool": "update_sketch_3d", "duration": 0.05465840001124889, "duration_ms": 54, "result_status": "success", "ok": true, "event": "tool.execute.success", "logger": "src.tools.base", "level": "info", "timestamp": "2026-07-06T21:03:47.488313Z"}
{"tool": "close_sketch_3d", "duration": 0.04556480000610463, "duration_ms": 45, "result_status": "success", "ok": true, "event": "tool.execute.success", "logger": "src.tools.base", "level": "info", "timestamp": "2026-07-06T21:03:47.535479Z"}
{"tool": "create_extrude_cut_3d", "duration": 4.611869500004104, "duration_ms": 4611, "result_status": "success", "ok": true, "event": "tool.execute.success", "logger": "src.tools.base", "level": "info", "timestamp": "2026-07-06T21:03:52.148897Z"}
{"tool": "rebuild_model_3d", "duration": 0.02997430000687018, "duration_ms": 29, "result_status": "success", "ok": true, "event": "tool.execute.success", "logger": "src.tools.base", "level": "info", "timestamp": "2026-07-06T21:03:52.180520Z"}
{"tool": "save_document_3d", "duration": 0.15019610000308603, "duration_ms": 150, "result_status": "success", "ok": true, "event": "tool.execute.success", "logger": "src.tools.base", "level": "info", "timestamp": "2026-07-06T21:03:52.332058Z"}
{"tool": "validation_inspect", "duration": 2.5707039999979315, "duration_ms": 2570, "result_status": "success", "ok": true, "event": "tool.execute.success", "logger": "src.tools.base", "level": "info", "timestamp": "2026-07-06T21:03:54.904385Z"}
{"tool": "rebuild_model_3d", "duration": 0.01254759999574162, "duration_ms": 12, "result_status": "success", "ok": true, "event": "tool.execute.success", "logger": "src.tools.base", "level": "info", "timestamp": "2026-07-06T21:03:54.918564Z"}
{"tool": "validation_inspect", "duration": 2.5542902999877697, "duration_ms": 2554, "result_status": "success", "ok": true, "event": "tool.execute.success", "logger": "src.tools.base", "level": "info", "timestamp": "2026-07-06T21:03:57.474233Z"}
{"tool": "get_3d_context", "duration": 0.2843874000100186, "duration_ms": 284, "result_status": "success", "ok": true, "event": "tool.execute.success", "logger": "src.tools.base", "level": "info", "timestamp": "2026-07-06T21:03:57.760374Z"}
{"tool": "list_feature_tree_3d", "duration": 0.26542840000183787, "duration_ms": 265, "result_status": "success", "ok": true, "event": "tool.execute.success", "logger": "src.tools.base", "level": "info", "timestamp": "2026-07-06T21:03:58.027450Z"}
{"tool": "commit_transaction", "duration": 0.002424400008749217, "duration_ms": 2, "result_status": "success", "ok": true, "event": "tool.execute.success", "logger": "src.tools.base", "level": "info", "timestamp": "2026-07-06T21:03:58.030967Z"}
{"tool": "execute_tdcad_script", "duration": 11.692692399999942, "duration_ms": 11692, "result_status": "success", "ok": true, "event": "tool.execute.success", "logger": "src.tools.base", "level": "info", "timestamp": "2026-07-06T21:03:58.031369Z"}
HTTP Request: GET https://kompasmcp.ru/client/policy "HTTP/1.1 200 OK"
HTTP Request: POST https://kompasmcp.ru/client/audit "HTTP/1.1 200 OK"
Processing request of type CallToolRequest
{"name": "execute_tdcad_script", "event": "handlers.call_tool.start", "logger": "src.server.handlers", "level": "info", "timestamp": "2026-07-06T21:04:09.688958Z"}
{"tool": "begin_transaction", "duration": 0.00873330001195427, "duration_ms": 8, "result_status": "success", "ok": true, "event": "tool.execute.success", "logger": "src.tools.base", "level": "info", "timestamp": "2026-07-06T21:04:09.701436Z"}
{"tool": "open_document", "duration": 0.008176500006811693, "duration_ms": 8, "result_status": null, "ok": true, "event": "tool.execute.success", "logger": "src.tools.base", "level": "info", "timestamp": "2026-07-06T21:04:09.710714Z"}
{"tool": "screenshot_document", "duration": 0.67677150000236, "duration_ms": 676, "result_status": "success", "ok": true, "event": "tool.execute.success", "logger": "src.tools.base", "level": "info", "timestamp": "2026-07-06T21:04:10.388893Z"}
{"tool": "validation_inspect", "duration": 3.200099499998032, "duration_ms": 3200, "result_status": "success", "ok": true, "event": "tool.execute.success", "logger": "src.tools.base", "level": "info", "timestamp": "2026-07-06T21:04:13.590518Z"}
{"tool": "rebuild_model_3d", "duration": 0.015306600005715154, "duration_ms": 15, "result_status": "success", "ok": true, "event": "tool.execute.success", "logger": "src.tools.base", "level": "info", "timestamp": "2026-07-06T21:04:13.607455Z"}
{"tool": "validation_inspect", "duration": 2.6519968999928096, "duration_ms": 2651, "result_status": "success", "ok": true, "event": "tool.execute.success", "logger": "src.tools.base", "level": "info", "timestamp": "2026-07-06T21:04:16.261135Z"}
{"tool": "get_3d_context", "duration": 0.5217661999922711, "duration_ms": 521, "result_status": "success", "ok": true, "event": "tool.execute.success", "logger": "src.tools.base", "level": "info", "timestamp": "2026-07-06T21:04:16.784666Z"}
HTTP Request: POST https://kompasmcp.ru/client/audit "HTTP/1.1 200 OK"
Processing request of type CallToolRequest
{"name": "validation_inspect", "event": "handlers.call_tool.start", "logger": "src.server.handlers", "level": "info", "timestamp": "2026-07-06T21:04:30.328692Z"}
{"tool": "validation_inspect", "duration": 0.01013119998970069, "duration_ms": 10, "result_status": "error", "ok": false, "event": "tool.execute.success", "logger": "src.tools.base", "level": "info", "timestamp": "2026-07-06T21:04:30.339044Z"}
HTTP Request: POST https://kompasmcp.ru/client/audit "HTTP/1.1 200 OK"
Processing request of type CallToolRequest
{"name": "execute_geometry_script", "event": "handlers.call_tool.start", "logger": "src.server.handlers", "level": "info", "timestamp": "2026-07-06T21:04:40.469489Z"}
HTTP Request: POST https://kompasmcp.ru/client/audit "HTTP/1.1 200 OK"
Processing request of type CallToolRequest
{"name": "validation_inspect", "event": "handlers.call_tool.start", "logger": "src.server.handlers", "level": "info", "timestamp": "2026-07-06T21:05:18.677240Z"}
{"tool": "validation_inspect", "duration": 0.009390799998072907, "duration_ms": 9, "result_status": "error", "ok": false, "event": "tool.execute.success", "logger": "src.tools.base", "level": "info", "timestamp": "2026-07-06T21:05:18.686831Z"}
HTTP Request: POST https://kompasmcp.ru/client/audit "HTTP/1.1 200 OK"
{"event": "local_authorized_server.initialize.start", "logger": "src.launcher.local_authorized_server", "level": "info", "timestamp": "2026-08-26T20:53:47.642569Z"}
{"worker": "COM", "event": "com_worker.thread.start", "logger": "src.kompas.com_worker", "level": "info", "timestamp": "2026-08-26T20:53:47.643210Z"}
{"event": "kompas.initialize.start", "logger": "src.kompas.connection", "level": "info", "timestamp": "2026-08-26T20:53:47.643349Z"}
{"dispatch": "Kompas.Application.7", "visible": false, "event": "kompas.dispatch.candidate", "logger": "src.kompas.connection", "level": "info", "timestamp": "2026-08-26T20:54:02.790422Z"}
{"dispatch": "Kompas.Application.5", "visible": false, "event": "kompas.dispatch.candidate", "logger": "src.kompas.connection", "level": "info", "timestamp": "2026-08-26T20:54:02.791933Z"}
{"dispatch": "Kompas.Application.7", "event": "kompas.dispatch.selected", "logger": "src.kompas.connection", "level": "info", "timestamp": "2026-08-26T20:54:02.792066Z"}
{"dispatch": "Kompas.Application.5", "wrapper": "KompasObject", "error": "(-2147467262, '\u0418\u043d\u0442\u0435\u0440\u0444\u0435\u0439\u0441 \u043d\u0435 \u043f\u043e\u0434\u0434\u0435\u0440\u0436\u0438\u0432\u0430\u0435\u0442\u0441\u044f', None, None)", "event": "kompas.dispatch.query_interface_failed", "logger": "src.kompas.connection", "level": "warning", "timestamp": "2026-08-26T20:54:02.794864Z"}
{"event": "kompas.initialize.success", "logger": "src.kompas.connection", "level": "info", "timestamp": "2026-08-26T20:54:04.873177Z"}
{"event": "kompas.closed", "logger": "src.kompas.connection", "level": "info", "timestamp": "2026-08-26T20:54:04.873567Z"}
{"worker": "COM", "event": "com_worker.thread.stop", "logger": "src.kompas.com_worker", "level": "info", "timestamp": "2026-08-26T20:54:04.874082Z"}
{"event": "local_authorized_server.initialize.start", "logger": "src.launcher.local_authorized_server", "level": "info", "timestamp": "2026-08-26T20:54:06.324830Z"}
{"worker": "COM", "event": "com_worker.thread.start", "logger": "src.kompas.com_worker", "level": "info", "timestamp": "2026-08-26T20:54:06.325365Z"}
{"event": "kompas.initialize.start", "logger": "src.kompas.connection", "level": "info", "timestamp": "2026-08-26T20:54:06.325487Z"}
{"dispatch": "Kompas.Application.7", "visible": false, "event": "kompas.dispatch.candidate", "logger": "src.kompas.connection", "level": "info", "timestamp": "2026-08-26T20:54:06.401430Z"}
{"dispatch": "Kompas.Application.5", "visible": false, "event": "kompas.dispatch.candidate", "logger": "src.kompas.connection", "level": "info", "timestamp": "2026-08-26T20:54:06.403178Z"}
{"dispatch": "Kompas.Application.7", "event": "kompas.dispatch.selected", "logger": "src.kompas.connection", "level": "info", "timestamp": "2026-08-26T20:54:06.403294Z"}
{"dispatch": "Kompas.Application.5", "wrapper": "KompasObject", "error": "(-2147467262, '\u0418\u043d\u0442\u0435\u0440\u0444\u0435\u0439\u0441 \u043d\u0435 \u043f\u043e\u0434\u0434\u0435\u0440\u0436\u0438\u0432\u0430\u0435\u0442\u0441\u044f', None, None)", "event": "kompas.dispatch.query_interface_failed", "logger": "src.kompas.connection", "level": "warning", "timestamp": "2026-08-26T20:54:06.404595Z"}
{"event": "kompas.initialize.success", "logger": "src.kompas.connection", "level": "info", "timestamp": "2026-08-26T20:54:06.407379Z"}
{"tool": "create_line", "event": "tool.register", "logger": "src.tools.registry", "level": "info", "timestamp": "2026-08-26T20:54:06.443859Z"}
{"tool": "create_polyline", "event": "tool.register", "logger": "src.tools.registry", "level": "info", "timestamp": "2026-08-26T20:54:06.444192Z"}
{"tool": "create_infinite_line", "event": "tool.register", "logger": "src.tools.registry", "level": "info", "timestamp": "2026-08-26T20:54:06.444341Z"}
{"tool": "create_circle", "event": "tool.register", "logger": "src.tools.registry", "level": "info", "timestamp": "2026-08-26T20:54:06.444462Z"}
{"tool": "create_arc", "event": "tool.register", "logger": "src.tools.registry", "level": "info", "timestamp": "2026-08-26T20:54:06.444581Z"}
{"tool": "create_angle_dimension", "event": "tool.register", "logger": "src.tools.registry", "level": "info", "timestamp": "2026-08-26T20:54:06.444713Z"}
{"tool": "create_arc_by_three_points", "event": "tool.register", "logger": "src.tools.registry", "level": "info", "timestamp": "2026-08-26T20:54:06.444836Z"}
{"tool": "create_point", "event": "tool.register", "logger": "src.tools.registry", "level": "info", "timestamp": "2026-08-26T20:54:06.444947Z"}
{"tool": "create_rectangle", "event": "tool.register", "logger": "src.tools.registry", "level": "info", "timestamp": "2026-08-26T20:54:06.445051Z"}
{"tool": "create_regular_polygon", "event": "tool.register", "logger": "src.tools.registry", "level": "info", "timestamp": "2026-08-26T20:54:06.445157Z"}
{"tool": "create_chamfer", "event": "tool.register", "logger": "src.tools.registry", "level": "info", "timestamp": "2026-08-26T20:54:06.445277Z"}
{"tool": "create_fillet", "event": "tool.register", "logger": "src.tools.registry", "level": "info", "timestamp": "2026-08-26T20:54:06.445426Z"}
{"tool": "create_ellipse", "event": "tool.register", "logger": "src.tools.registry", "level": "info", "timestamp": "2026-08-26T20:54:06.445534Z"}
{"tool": "create_ellipse_arc", "event": "tool.register", "logger": "src.tools.registry", "level": "info", "timestamp": "2026-08-26T20:54:06.445642Z"}
{"tool": "create_linear_dimension", "event": "tool.register", "logger": "src.tools.registry", "level": "info", "timestamp": "2026-08-26T20:54:06.445751Z"}
{"tool": "create_diameter_dimension", "event": "tool.register", "logger": "src.tools.registry", "level": "info", "timestamp": "2026-08-26T20:54:06.445859Z"}
{"tool": "create_radius_dimension", "event": "tool.register", "logger": "src.tools.registry", "level": "info", "timestamp": "2026-08-26T20:54:06.445966Z"}
{"tool": "dimension_between_objects", "event": "tool.register", "logger": "src.tools.registry", "level": "info", "timestamp": "2026-08-26T20:54:06.446123Z"}
{"tool": "auto_arrange_dimensions", "event": "tool.register", "logger": "src.tools.registry", "level": "info", "timestamp": "2026-08-26T20:54:06.446244Z"}
{"tool": "create_ordinate_dimension", "event": "tool.register", "logger": "src.tools.registry", "level": "info", "timestamp": "2026-08-26T20:54:06.446357Z"}
{"tool": "export_to_json", "event": "tool.register", "logger": "src.tools.registry", "level": "info", "timestamp": "2026-08-26T20:54:06.446564Z"}
{"tool": "list_objects", "event": "tool.register", "logger": "src.tools.registry", "level": "info", "timestamp": "2026-08-26T20:54:06.446728Z"}
{"tool": "get_object_info", "event": "tool.register", "logger": "src.tools.registry", "level": "info", "timestamp": "2026-08-26T20:54:06.446843Z"}
{"tool": "find_object_by_point", "event": "tool.register", "logger": "src.tools.registry", "level": "info", "timestamp": "2026-08-26T20:54:06.446942Z"}
{"tool": "delete_object", "event": "tool.register", "logger": "src.tools.registry", "level": "info", "timestamp": "2026-08-26T20:54:06.447047Z"}
{"tool": "move_object", "event": "tool.register", "logger": "src.tools.registry", "level": "info", "timestamp": "2026-08-26T20:54:06.447143Z"}
{"tool": "transform_object", "event": "tool.register", "logger": "src.tools.registry", "level": "info", "timestamp": "2026-08-26T20:54:06.447244Z"}
{"tool": "symmetry_object", "event": "tool.register", "logger": "src.tools.registry", "level": "info", "timestamp": "2026-08-26T20:54:06.447349Z"}
{"tool": "update_circle", "event": "tool.register", "logger": "src.tools.registry", "level": "info", "timestamp": "2026-08-26T20:54:06.447450Z"}
{"tool": "update_line", "event": "tool.register", "logger": "src.tools.registry", "level": "info", "timestamp": "2026-08-26T20:54:06.447550Z"}
{"tool": "measure_distance", "event": "tool.register", "logger": "src.tools.registry", "level": "info", "timestamp": "2026-08-26T20:54:06.447671Z"}
{"tool": "measure_length", "event": "tool.register", "logger": "src.tools.registry", "level": "info", "timestamp": "2026-08-26T20:54:06.447772Z"}
{"tool": "measure_angle", "event": "tool.register", "logger": "src.tools.registry", "level": "info", "timestamp": "2026-08-26T20:54:06.447868Z"}
{"tool": "measure_area", "event": "tool.register", "logger": "src.tools.registry", "level": "info", "timestamp": "2026-08-26T20:54:06.447963Z"}
{"tool": "check_intersection", "event": "tool.register", "logger": "src.tools.registry", "level": "info", "timestamp": "2026-08-26T20:54:06.448057Z"}
{"tool": "save_document", "event": "tool.register", "logger": "src.tools.registry", "level": "info", "timestamp": "2026-08-26T20:54:06.448140Z"}
{"tool": "export_to_dxf", "event": "tool.register", "logger": "src.tools.registry", "level": "info", "timestamp": "2026-08-26T20:54:06.448226Z"}
{"tool": "open_document", "event": "tool.register", "logger": "src.tools.registry", "level": "info", "timestamp": "2026-08-26T20:54:06.448315Z"}
{"tool": "create_document", "event": "tool.register", "logger": "src.tools.registry", "level": "info", "timestamp": "2026-08-26T20:54:06.448458Z"}
{"tool": "list_open_documents", "event": "tool.register", "logger": "src.tools.registry", "level": "info", "timestamp": "2026-08-26T20:54:06.448561Z"}
{"tool": "get_active_document", "event": "tool.register", "logger": "src.tools.registry", "level": "info", "timestamp": "2026-08-26T20:54:06.448652Z"}
{"tool": "activate_document", "event": "tool.register", "logger": "src.tools.registry", "level": "info", "timestamp": "2026-08-26T20:54:06.448744Z"}
{"tool": "close_document", "event": "tool.register", "logger": "src.tools.registry", "level": "info", "timestamp": "2026-08-26T20:54:06.448838Z"}
{"tool": "close_all_documents", "event": "tool.register", "logger": "src.tools.registry", "level": "info", "timestamp": "2026-08-26T20:54:06.448930Z"}
{"tool": "close_all_except_documents", "event": "tool.register", "logger": "src.tools.registry", "level": "info", "timestamp": "2026-08-26T20:54:06.449044Z"}
{"tool": "create_standard_sheet", "event": "tool.register", "logger": "src.tools.registry", "level": "info", "timestamp": "2026-08-26T20:54:06.449450Z"}
{"tool": "checkpoint_create", "event": "tool.register", "logger": "src.tools.registry", "level": "info", "timestamp": "2026-08-26T20:54:06.450231Z"}
{"tool": "checkpoint_restore", "event": "tool.register", "logger": "src.tools.registry", "level": "info", "timestamp": "2026-08-26T20:54:06.451021Z"}
{"tool": "begin_transaction", "event": "tool.register", "logger": "src.tools.registry", "level": "info", "timestamp": "2026-08-26T20:54:06.451488Z"}
{"tool": "commit_transaction", "event": "tool.register", "logger": "src.tools.registry", "level": "info", "timestamp": "2026-08-26T20:54:06.451907Z"}
{"tool": "rollback_transaction", "event": "tool.register", "logger": "src.tools.registry", "level": "info", "timestamp": "2026-08-26T20:54:06.452314Z"}
{"tool": "get_active_context", "event": "tool.register", "logger": "src.tools.registry", "level": "info", "timestamp": "2026-08-26T20:54:06.452424Z"}
{"tool": "set_active_context", "event": "tool.register", "logger": "src.tools.registry", "level": "info", "timestamp": "2026-08-26T20:54:06.452538Z"}
{"tool": "set_active_view", "event": "tool.register", "logger": "src.tools.registry", "level": "info", "timestamp": "2026-08-26T20:54:06.452636Z"}
{"tool": "create_view", "event": "tool.register", "logger": "src.tools.registry", "level": "info", "timestamp": "2026-08-26T20:54:06.452728Z"}
{"tool": "create_view_layout", "event": "tool.register", "logger": "src.tools.registry", "level": "info", "timestamp": "2026-08-26T20:54:06.452844Z"}
{"tool": "move_view", "event": "tool.register", "logger": "src.tools.registry", "level": "info", "timestamp": "2026-08-26T20:54:06.452952Z"}
{"tool": "validate_drawing_layout", "event": "tool.register", "logger": "src.tools.registry", "level": "info", "timestamp": "2026-08-26T20:54:06.453059Z"}
{"tool": "fill_drawing_stamp", "event": "tool.register", "logger": "src.tools.registry", "level": "info", "timestamp": "2026-08-26T20:54:06.453185Z"}
{"tool": "create_drawing_table", "event": "tool.register", "logger": "src.tools.registry", "level": "info", "timestamp": "2026-08-26T20:54:06.453311Z"}
{"tool": "create_parts_table", "event": "tool.register", "logger": "src.tools.registry", "level": "info", "timestamp": "2026-08-26T20:54:06.453419Z"}
{"tool": "read_drawing_table", "event": "tool.register", "logger": "src.tools.registry", "level": "info", "timestamp": "2026-08-26T20:54:06.453518Z"}
{"tool": "update_drawing_table", "event": "tool.register", "logger": "src.tools.registry", "level": "info", "timestamp": "2026-08-26T20:54:06.453610Z"}
{"tool": "write_csv_artifact", "event": "tool.register", "logger": "src.tools.registry", "level": "info", "timestamp": "2026-08-26T20:54:06.453708Z"}
{"tool": "create_position_leader", "event": "tool.register", "logger": "src.tools.registry", "level": "info", "timestamp": "2026-08-26T20:54:06.453813Z"}
{"tool": "arrange_position_leaders", "event": "tool.register", "logger": "src.tools.registry", "level": "info", "timestamp": "2026-08-26T20:54:06.453922Z"}
{"tool": "probe_drawing_stamp_cells", "event": "tool.register", "logger": "src.tools.registry", "level": "info", "timestamp": "2026-08-26T20:54:06.454049Z"}
{"tool": "fill_title_block", "event": "tool.register", "logger": "src.tools.registry", "level": "info", "timestamp": "2026-08-26T20:54:06.454178Z"}
{"tool": "insert_raster_image", "event": "tool.register", "logger": "src.tools.registry", "level": "info", "timestamp": "2026-08-26T20:54:06.454296Z"}
{"tool": "create_color_view_raster", "event": "tool.register", "logger": "src.tools.registry", "level": "info", "timestamp": "2026-08-26T20:54:06.454401Z"}
{"tool": "screenshot_document", "event": "tool.register", "logger": "src.tools.registry", "level": "info", "timestamp": "2026-08-26T20:54:06.454522Z"}
{"tool": "create_layer", "event": "tool.register", "logger": "src.tools.registry", "level": "info", "timestamp": "2026-08-26T20:54:06.454639Z"}
{"tool": "set_active_layer", "event": "tool.register", "logger": "src.tools.registry", "level": "info", "timestamp": "2026-08-26T20:54:06.454732Z"}
{"tool": "set_object_layer", "event": "tool.register", "logger": "src.tools.registry", "level": "info", "timestamp": "2026-08-26T20:54:06.454818Z"}
{"tool": "create_text", "event": "tool.register", "logger": "src.tools.registry", "level": "info", "timestamp": "2026-08-26T20:54:06.454919Z"}
{"tool": "batch_execute", "event": "tool.register", "logger": "src.tools.registry", "level": "info", "timestamp": "2026-08-26T20:54:06.455004Z"}
{"tool": "execute_python_script", "event": "tool.register", "logger": "src.tools.registry", "level": "info", "timestamp": "2026-08-26T20:54:06.455090Z"}
{"tool": "execute_geometry_script", "event": "tool.register", "logger": "src.tools.registry", "level": "info", "timestamp": "2026-08-26T20:54:06.455208Z"}
{"tool": "execute_tdcad_script", "event": "tool.register", "logger": "src.tools.registry", "level": "info", "timestamp": "2026-08-26T20:54:06.455317Z"}
{"tool": "calculate_model_math", "event": "tool.register", "logger": "src.tools.registry", "level": "info", "timestamp": "2026-08-26T20:54:06.455420Z"}
{"tool": "measure_model_properties", "event": "tool.register", "logger": "src.tools.registry", "level": "info", "timestamp": "2026-08-26T20:54:06.455533Z"}
{"tool": "solve_model_goal", "event": "tool.register", "logger": "src.tools.registry", "level": "info", "timestamp": "2026-08-26T20:54:06.455644Z"}
{"tool": "describe_tool", "event": "tool.register", "logger": "src.tools.registry", "level": "info", "timestamp": "2026-08-26T20:54:06.455741Z"}
{"tool": "get_environment", "event": "tool.register", "logger": "src.tools.registry", "level": "info", "timestamp": "2026-08-26T20:54:06.455823Z"}
{"tool": "get_state_summary", "event": "tool.register", "logger": "src.tools.registry", "level": "info", "timestamp": "2026-08-26T20:54:06.455912Z"}
{"tool": "get_geometry_digest", "event": "tool.register", "logger": "src.tools.registry", "level": "info", "timestamp": "2026-08-26T20:54:06.456022Z"}
{"tool": "snapshot_state", "event": "tool.register", "logger": "src.tools.registry", "level": "info", "timestamp": "2026-08-26T20:54:06.456435Z"}
{"tool": "search_kompas_api_graph", "event": "tool.register", "logger": "src.tools.registry", "level": "info", "timestamp": "2026-08-26T20:54:06.456566Z"}
{"tool": "get_kompas_api_symbol", "event": "tool.register", "logger": "src.tools.registry", "level": "info", "timestamp": "2026-08-26T20:54:06.456685Z"}
{"tool": "list_kompas_api_transitions", "event": "tool.register", "logger": "src.tools.registry", "level": "info", "timestamp": "2026-08-26T20:54:06.456787Z"}
{"tool": "find_kompas_api_capability", "event": "tool.register", "logger": "src.tools.registry", "level": "info", "timestamp": "2026-08-26T20:54:06.456885Z"}
{"tool": "validate_kompas_api_capability", "event": "tool.register", "logger": "src.tools.registry", "level": "info", "timestamp": "2026-08-26T20:54:06.457010Z"}
{"tool": "preflight_context", "event": "tool.register", "logger": "src.tools.registry", "level": "info", "timestamp": "2026-08-26T20:54:06.457170Z"}
{"tool": "safe_feature_create", "event": "tool.register", "logger": "src.tools.registry", "level": "info", "timestamp": "2026-08-26T20:54:06.457529Z"}
{"tool": "resolve_selection", "event": "tool.register", "logger": "src.tools.registry", "level": "info", "timestamp": "2026-08-26T20:54:06.457656Z"}
{"tool": "resolve_selection_3d", "event": "tool.register", "logger": "src.tools.registry", "level": "info", "timestamp": "2026-08-26T20:54:06.457765Z"}
{"tool": "snapshot_diff", "event": "tool.register", "logger": "src.tools.registry", "level": "info", "timestamp": "2026-08-26T20:54:06.458074Z"}
{"tool": "validation_inspect", "event": "tool.register", "logger": "src.tools.registry", "level": "info", "timestamp": "2026-08-26T20:54:06.458385Z"}
{"tool": "repair_attempt", "event": "tool.register", "logger": "src.tools.registry", "level": "info", "timestamp": "2026-08-26T20:54:06.458505Z"}
{"tool": "runtime_memory", "event": "tool.register", "logger": "src.tools.registry", "level": "info", "timestamp": "2026-08-26T20:54:06.458609Z"}
{"tool": "create_change_container", "event": "tool.register", "logger": "src.tools.registry", "level": "info", "timestamp": "2026-08-26T20:54:06.459084Z"}
{"tool": "list_change_containers", "event": "tool.register", "logger": "src.tools.registry", "level": "info", "timestamp": "2026-08-26T20:54:06.459544Z"}
{"tool": "activate_change_container", "event": "tool.register", "logger": "src.tools.registry", "level": "info", "timestamp": "2026-08-26T20:54:06.460080Z"}
{"tool": "checkpoint_change_container", "event": "tool.register", "logger": "src.tools.registry", "level": "info", "timestamp": "2026-08-26T20:54:06.460621Z"}
{"tool": "restore_change_container_checkpoint", "event": "tool.register", "logger": "src.tools.registry", "level": "info", "timestamp": "2026-08-26T20:54:06.461050Z"}
{"tool": "discard_change_container", "event": "tool.register", "logger": "src.tools.registry", "level": "info", "timestamp": "2026-08-26T20:54:06.461462Z"}
{"tool": "promote_change_container", "event": "tool.register", "logger": "src.tools.registry", "level": "info", "timestamp": "2026-08-26T20:54:06.461874Z"}
{"tool": "diff_change_containers", "event": "tool.register", "logger": "src.tools.registry", "level": "info", "timestamp": "2026-08-26T20:54:06.462454Z"}
{"tool": "scenario_runner", "event": "tool.register", "logger": "src.tools.registry", "level": "info", "timestamp": "2026-08-26T20:54:06.462573Z"}
{"tool": "verify_geometry", "event": "tool.register", "logger": "src.tools.registry", "level": "info", "timestamp": "2026-08-26T20:54:06.462697Z"}
{"tool": "list_script_helpers", "event": "tool.register", "logger": "src.tools.registry", "level": "info", "timestamp": "2026-08-26T20:54:06.462791Z"}
{"tool": "execute_kompas_command", "event": "tool.register", "logger": "src.tools.registry", "level": "info", "timestamp": "2026-08-26T20:54:06.462893Z"}
{"tool": "attach_kompas_library", "event": "tool.register", "logger": "src.tools.registry", "level": "info", "timestamp": "2026-08-26T20:54:06.462990Z"}
{"tool": "detach_kompas_library", "event": "tool.register", "logger": "src.tools.registry", "level": "info", "timestamp": "2026-08-26T20:54:06.463081Z"}
{"tool": "execute_kompas_library_command", "event": "tool.register", "logger": "src.tools.registry", "level": "info", "timestamp": "2026-08-26T20:54:06.463175Z"}
{"tool": "execute_kompas_library_command_ex", "event": "tool.register", "logger": "src.tools.registry", "level": "info", "timestamp": "2026-08-26T20:54:06.463266Z"}
{"tool": "execute_library_command_by_path", "event": "tool.register", "logger": "src.tools.registry", "level": "info", "timestamp": "2026-08-26T20:54:06.463361Z"}
{"tool": "list_procedure_libraries", "event": "tool.register", "logger": "src.tools.registry", "level": "info", "timestamp": "2026-08-26T20:54:06.463455Z"}
{"tool": "list_procedure_library_commands", "event": "tool.register", "logger": "src.tools.registry", "level": "info", "timestamp": "2026-08-26T20:54:06.463564Z"}
{"tool": "create_document_3d", "event": "tool.register", "logger": "src.tools.registry", "level": "info", "timestamp": "2026-08-26T20:54:06.463992Z"}
{"tool": "get_3d_context", "event": "tool.register", "logger": "src.tools.registry", "level": "info", "timestamp": "2026-08-26T20:54:06.464402Z"}
{"tool": "set_part_properties_3d", "event": "tool.register", "logger": "src.tools.registry", "level": "info", "timestamp": "2026-08-26T20:54:06.464730Z"}
{"tool": "save_document_3d", "event": "tool.register", "logger": "src.tools.registry", "level": "info", "timestamp": "2026-08-26T20:54:06.465025Z"}
{"tool": "set_3d_view", "event": "tool.register", "logger": "src.tools.registry", "level": "info", "timestamp": "2026-08-26T20:54:06.465325Z"}
{"tool": "rebuild_model_3d", "event": "tool.register", "logger": "src.tools.registry", "level": "info", "timestamp": "2026-08-26T20:54:06.465626Z"}
{"tool": "list_default_entities_3d", "event": "tool.register", "logger": "src.tools.registry", "level": "info", "timestamp": "2026-08-26T20:54:06.465926Z"}
{"tool": "list_bodies_3d", "event": "tool.register", "logger": "src.tools.registry", "level": "info", "timestamp": "2026-08-26T20:54:06.466258Z"}
{"tool": "set_body_properties_3d", "event": "tool.register", "logger": "src.tools.registry", "level": "info", "timestamp": "2026-08-26T20:54:06.466933Z"}
{"tool": "set_body_appearance_3d", "event": "tool.register", "logger": "src.tools.registry", "level": "info", "timestamp": "2026-08-26T20:54:06.467243Z"}
{"tool": "extract_multibody_parts_table", "event": "tool.register", "logger": "src.tools.registry", "level": "info", "timestamp": "2026-08-26T20:54:06.467560Z"}
{"tool": "list_faces_3d", "event": "tool.register", "logger": "src.tools.registry", "level": "info", "timestamp": "2026-08-26T20:54:06.467844Z"}
{"tool": "list_edges_3d", "event": "tool.register", "logger": "src.tools.registry", "level": "info", "timestamp": "2026-08-26T20:54:06.468150Z"}
{"tool": "get_topology_summary_3d", "event": "tool.register", "logger": "src.tools.registry", "level": "info", "timestamp": "2026-08-26T20:54:06.468440Z"}
{"tool": "create_offset_plane_3d", "event": "tool.register", "logger": "src.tools.registry", "level": "info", "timestamp": "2026-08-26T20:54:06.468726Z"}
{"tool": "create_sketch_3d", "event": "tool.register", "logger": "src.tools.registry", "level": "info", "timestamp": "2026-08-26T20:54:06.469013Z"}
{"tool": "update_sketch_3d", "event": "tool.register", "logger": "src.tools.registry", "level": "info", "timestamp": "2026-08-26T20:54:06.469445Z"}
{"tool": "close_sketch_3d", "event": "tool.register", "logger": "src.tools.registry", "level": "info", "timestamp": "2026-08-26T20:54:06.469831Z"}
{"tool": "create_revolve_boss_3d", "event": "tool.register", "logger": "src.tools.registry", "level": "info", "timestamp": "2026-08-26T20:54:06.470140Z"}
{"tool": "create_edge_fillet_3d", "event": "tool.register", "logger": "src.tools.registry", "level": "info", "timestamp": "2026-08-26T20:54:06.470469Z"}
{"tool": "create_edge_chamfer_3d", "event": "tool.register", "logger": "src.tools.registry", "level": "info", "timestamp": "2026-08-26T20:54:06.470776Z"}
{"tool": "create_extrude_boss_3d", "event": "tool.register", "logger": "src.tools.registry", "level": "info", "timestamp": "2026-08-26T20:54:06.471112Z"}
{"tool": "create_extrude_cut_3d", "event": "tool.register", "logger": "src.tools.registry", "level": "info", "timestamp": "2026-08-26T20:54:06.471442Z"}
{"tool": "create_cylindrical_helix_3d", "event": "tool.register", "logger": "src.tools.registry", "level": "info", "timestamp": "2026-08-26T20:54:06.471763Z"}
{"tool": "create_sweep_cut_3d", "event": "tool.register", "logger": "src.tools.registry", "level": "info", "timestamp": "2026-08-26T20:54:06.472077Z"}
{"tool": "create_circular_pattern_3d", "event": "tool.register", "logger": "src.tools.registry", "level": "info", "timestamp": "2026-08-26T20:54:06.472386Z"}
{"tool": "create_linear_pattern_3d", "event": "tool.register", "logger": "src.tools.registry", "level": "info", "timestamp": "2026-08-26T20:54:06.472690Z"}
{"tool": "create_sweep_boss_3d", "event": "tool.register", "logger": "src.tools.registry", "level": "info", "timestamp": "2026-08-26T20:54:06.473036Z"}
{"tool": "create_loft_boss_3d", "event": "tool.register", "logger": "src.tools.registry", "level": "info", "timestamp": "2026-08-26T20:54:06.473327Z"}
{"tool": "create_loft_cut_3d", "event": "tool.register", "logger": "src.tools.registry", "level": "info", "timestamp": "2026-08-26T20:54:06.473622Z"}
{"tool": "create_shell_3d", "event": "tool.register", "logger": "src.tools.registry", "level": "info", "timestamp": "2026-08-26T20:54:06.473944Z"}
{"tool": "create_draft_3d", "event": "tool.register", "logger": "src.tools.registry", "level": "info", "timestamp": "2026-08-26T20:54:06.474251Z"}
{"tool": "create_rib_3d", "event": "tool.register", "logger": "src.tools.registry", "level": "info", "timestamp": "2026-08-26T20:54:06.474554Z"}
{"tool": "list_feature_tree_3d", "event": "tool.register", "logger": "src.tools.registry", "level": "info", "timestamp": "2026-08-26T20:54:06.474967Z"}
{"tool": "get_feature_info_3d", "event": "tool.register", "logger": "src.tools.registry", "level": "info", "timestamp": "2026-08-26T20:54:06.475385Z"}
{"tool": "update_feature_3d", "event": "tool.register", "logger": "src.tools.registry", "level": "info", "timestamp": "2026-08-26T20:54:06.475809Z"}
{"tool": "suppress_feature_3d", "event": "tool.register", "logger": "src.tools.registry", "level": "info", "timestamp": "2026-08-26T20:54:06.476194Z"}
{"event": "local_authorized_server.initialize.start", "logger": "src.launcher.local_authorized_server", "level": "info", "timestamp": "2026-08-26T20:54:06.580700Z"}
{"worker": "COM", "event": "com_worker.thread.start", "logger": "src.kompas.com_worker", "level": "info", "timestamp": "2026-08-26T20:54:06.581125Z"}
{"event": "kompas.initialize.start", "logger": "src.kompas.connection", "level": "info", "timestamp": "2026-08-26T20:54:06.581350Z"}
{"dispatch": "Kompas.Application.7", "visible": false, "event": "kompas.dispatch.candidate", "logger": "src.kompas.connection", "level": "info", "timestamp": "2026-08-26T20:54:06.658302Z"}
{"dispatch": "Kompas.Application.5", "visible": false, "event": "kompas.dispatch.candidate", "logger": "src.kompas.connection", "level": "info", "timestamp": "2026-08-26T20:54:06.659589Z"}
{"dispatch": "Kompas.Application.7", "event": "kompas.dispatch.selected", "logger": "src.kompas.connection", "level": "info", "timestamp": "2026-08-26T20:54:06.659667Z"}
{"dispatch": "Kompas.Application.5", "wrapper": "KompasObject", "error": "(-2147467262, '\u0418\u043d\u0442\u0435\u0440\u0444\u0435\u0439\u0441 \u043d\u0435 \u043f\u043e\u0434\u0434\u0435\u0440\u0436\u0438\u0432\u0430\u0435\u0442\u0441\u044f', None, None)", "event": "kompas.dispatch.query_interface_failed", "logger": "src.kompas.connection", "level": "warning", "timestamp": "2026-08-26T20:54:06.660916Z"}
{"event": "kompas.initialize.success", "logger": "src.kompas.connection", "level": "info", "timestamp": "2026-08-26T20:54:06.663569Z"}
{"tool": "create_line", "event": "tool.register", "logger": "src.tools.registry", "level": "info", "timestamp": "2026-08-26T20:54:06.663832Z"}
{"tool": "create_polyline", "event": "tool.register", "logger": "src.tools.registry", "level": "info", "timestamp": "2026-08-26T20:54:06.663973Z"}
{"tool": "create_infinite_line", "event": "tool.register", "logger": "src.tools.registry", "level": "info", "timestamp": "2026-08-26T20:54:06.664083Z"}
{"tool": "create_circle", "event": "tool.register", "logger": "src.tools.registry", "level": "info", "timestamp": "2026-08-26T20:54:06.664196Z"}
{"tool": "create_arc", "event": "tool.register", "logger": "src.tools.registry", "level": "info", "timestamp": "2026-08-26T20:54:06.664326Z"}
{"tool": "create_angle_dimension", "event": "tool.register", "logger": "src.tools.registry", "level": "info", "timestamp": "2026-08-26T20:54:06.664447Z"}
{"tool": "create_arc_by_three_points", "event": "tool.register", "logger": "src.tools.registry", "level": "info", "timestamp": "2026-08-26T20:54:06.664599Z"}
{"tool": "create_point", "event": "tool.register", "logger": "src.tools.registry", "level": "info", "timestamp": "2026-08-26T20:54:06.664809Z"}
{"tool": "create_rectangle", "event": "tool.register", "logger": "src.tools.registry", "level": "info", "timestamp": "2026-08-26T20:54:06.664963Z"}
{"tool": "create_regular_polygon", "event": "tool.register", "logger": "src.tools.registry", "level": "info", "timestamp": "2026-08-26T20:54:06.665099Z"}
{"tool": "create_chamfer", "event": "tool.register", "logger": "src.tools.registry", "level": "info", "timestamp": "2026-08-26T20:54:06.665233Z"}
{"tool": "create_fillet", "event": "tool.register", "logger": "src.tools.registry", "level": "info", "timestamp": "2026-08-26T20:54:06.665353Z"}
{"tool": "create_ellipse", "event": "tool.register", "logger": "src.tools.registry", "level": "info", "timestamp": "2026-08-26T20:54:06.665473Z"}
{"tool": "create_ellipse_arc", "event": "tool.register", "logger": "src.tools.registry", "level": "info", "timestamp": "2026-08-26T20:54:06.665691Z"}
{"tool": "create_linear_dimension", "event": "tool.register", "logger": "src.tools.registry", "level": "info", "timestamp": "2026-08-26T20:54:06.665817Z"}
{"tool": "create_diameter_dimension", "event": "tool.register", "logger": "src.tools.registry", "level": "info", "timestamp": "2026-08-26T20:54:06.665931Z"}
{"tool": "create_radius_dimension", "event": "tool.register", "logger": "src.tools.registry", "level": "info", "timestamp": "2026-08-26T20:54:06.666031Z"}
{"tool": "dimension_between_objects", "event": "tool.register", "logger": "src.tools.registry", "level": "info", "timestamp": "2026-08-26T20:54:06.666160Z"}
{"tool": "auto_arrange_dimensions", "event": "tool.register", "logger": "src.tools.registry", "level": "info", "timestamp": "2026-08-26T20:54:06.666270Z"}
{"tool": "create_ordinate_dimension", "event": "tool.register", "logger": "src.tools.registry", "level": "info", "timestamp": "2026-08-26T20:54:06.666389Z"}
{"tool": "export_to_json", "event": "tool.register", "logger": "src.tools.registry", "level": "info", "timestamp": "2026-08-26T20:54:06.666592Z"}
{"tool": "list_objects", "event": "tool.register", "logger": "src.tools.registry", "level": "info", "timestamp": "2026-08-26T20:54:06.666765Z"}
{"tool": "get_object_info", "event": "tool.register", "logger": "src.tools.registry", "level": "info", "timestamp": "2026-08-26T20:54:06.666874Z"}
{"tool": "find_object_by_point", "event": "tool.register", "logger": "src.tools.registry", "level": "info", "timestamp": "2026-08-26T20:54:06.666966Z"}
{"tool": "delete_object", "event": "tool.register", "logger": "src.tools.registry", "level": "info", "timestamp": "2026-08-26T20:54:06.667058Z"}
{"tool": "move_object", "event": "tool.register", "logger": "src.tools.registry", "level": "info", "timestamp": "2026-08-26T20:54:06.667146Z"}
{"tool": "transform_object", "event": "tool.register", "logger": "src.tools.registry", "level": "info", "timestamp": "2026-08-26T20:54:06.667236Z"}
{"tool": "symmetry_object", "event": "tool.register", "logger": "src.tools.registry", "level": "info", "timestamp": "2026-08-26T20:54:06.667331Z"}
{"tool": "update_circle", "event": "tool.register", "logger": "src.tools.registry", "level": "info", "timestamp": "2026-08-26T20:54:06.667425Z"}
{"tool": "update_line", "event": "tool.register", "logger": "src.tools.registry", "level": "info", "timestamp": "2026-08-26T20:54:06.667530Z"}
{"tool": "measure_distance", "event": "tool.register", "logger": "src.tools.registry", "level": "info", "timestamp": "2026-08-26T20:54:06.667641Z"}
{"tool": "measure_length", "event": "tool.register", "logger": "src.tools.registry", "level": "info", "timestamp": "2026-08-26T20:54:06.667735Z"}
{"tool": "measure_angle", "event": "tool.register", "logger": "src.tools.registry", "level": "info", "timestamp": "2026-08-26T20:54:06.667821Z"}
{"tool": "measure_area", "event": "tool.register", "logger": "src.tools.registry", "level": "info", "timestamp": "2026-08-26T20:54:06.667906Z"}
{"tool": "check_intersection", "event": "tool.register", "logger": "src.tools.registry", "level": "info", "timestamp": "2026-08-26T20:54:06.668038Z"}
{"tool": "save_document", "event": "tool.register", "logger": "src.tools.registry", "level": "info", "timestamp": "2026-08-26T20:54:06.668123Z"}
{"tool": "export_to_dxf", "event": "tool.register", "logger": "src.tools.registry", "level": "info", "timestamp": "2026-08-26T20:54:06.668202Z"}
{"tool": "open_document", "event": "tool.register", "logger": "src.tools.registry", "level": "info", "timestamp": "2026-08-26T20:54:06.668279Z"}
{"tool": "create_document", "event": "tool.register", "logger": "src.tools.registry", "level": "info", "timestamp": "2026-08-26T20:54:06.668365Z"}
{"tool": "list_open_documents", "event": "tool.register", "logger": "src.tools.registry", "level": "info", "timestamp": "2026-08-26T20:54:06.668451Z"}
{"tool": "get_active_document", "event": "tool.register", "logger": "src.tools.registry", "level": "info", "timestamp": "2026-08-26T20:54:06.668531Z"}
{"tool": "activate_document", "event": "tool.register", "logger": "src.tools.registry", "level": "info", "timestamp": "2026-08-26T20:54:06.668617Z"}
{"tool": "close_document", "event": "tool.register", "logger": "src.tools.registry", "level": "info", "timestamp": "2026-08-26T20:54:06.668702Z"}
{"tool": "close_all_documents", "event": "tool.register", "logger": "src.tools.registry", "level": "info", "timestamp": "2026-08-26T20:54:06.668782Z"}
{"tool": "close_all_except_documents", "event": "tool.register", "logger": "src.tools.registry", "level": "info", "timestamp": "2026-08-26T20:54:06.668860Z"}
{"tool": "create_standard_sheet", "event": "tool.register", "logger": "src.tools.registry", "level": "info", "timestamp": "2026-08-26T20:54:06.668957Z"}
{"tool": "checkpoint_create", "event": "tool.register", "logger": "src.tools.registry", "level": "info", "timestamp": "2026-08-26T20:54:06.669431Z"}
{"tool": "checkpoint_restore", "event": "tool.register", "logger": "src.tools.registry", "level": "info", "timestamp": "2026-08-26T20:54:06.670390Z"}
{"tool": "begin_transaction", "event": "tool.register", "logger": "src.tools.registry", "level": "info", "timestamp": "2026-08-26T20:54:06.670882Z"}
{"tool": "commit_transaction", "event": "tool.register", "logger": "src.tools.registry", "level": "info", "timestamp": "2026-08-26T20:54:06.671298Z"}
{"tool": "rollback_transaction", "event": "tool.register", "logger": "src.tools.registry", "level": "info", "timestamp": "2026-08-26T20:54:06.671726Z"}
{"tool": "get_active_context", "event": "tool.register", "logger": "src.tools.registry", "level": "info", "timestamp": "2026-08-26T20:54:06.671829Z"}
{"tool": "set_active_context", "event": "tool.register", "logger": "src.tools.registry", "level": "info", "timestamp": "2026-08-26T20:54:06.671933Z"}
{"tool": "set_active_view", "event": "tool.register", "logger": "src.tools.registry", "level": "info", "timestamp": "2026-08-26T20:54:06.672022Z"}
{"tool": "create_view", "event": "tool.register", "logger": "src.tools.registry", "level": "info", "timestamp": "2026-08-26T20:54:06.672108Z"}
{"tool": "create_view_layout", "event": "tool.register", "logger": "src.tools.registry", "level": "info", "timestamp": "2026-08-26T20:54:06.672215Z"}
{"tool": "move_view", "event": "tool.register", "logger": "src.tools.registry", "level": "info", "timestamp": "2026-08-26T20:54:06.672313Z"}
{"tool": "validate_drawing_layout", "event": "tool.register", "logger": "src.tools.registry", "level": "info", "timestamp": "2026-08-26T20:54:06.672409Z"}
{"tool": "fill_drawing_stamp", "event": "tool.register", "logger": "src.tools.registry", "level": "info", "timestamp": "2026-08-26T20:54:06.672519Z"}
{"tool": "create_drawing_table", "event": "tool.register", "logger": "src.tools.registry", "level": "info", "timestamp": "2026-08-26T20:54:06.672632Z"}
{"tool": "create_parts_table", "event": "tool.register", "logger": "src.tools.registry", "level": "info", "timestamp": "2026-08-26T20:54:06.672729Z"}
{"tool": "read_drawing_table", "event": "tool.register", "logger": "src.tools.registry", "level": "info", "timestamp": "2026-08-26T20:54:06.672822Z"}
{"tool": "update_drawing_table", "event": "tool.register", "logger": "src.tools.registry", "level": "info", "timestamp": "2026-08-26T20:54:06.672912Z"}
{"tool": "write_csv_artifact", "event": "tool.register", "logger": "src.tools.registry", "level": "info", "timestamp": "2026-08-26T20:54:06.673002Z"}
{"tool": "create_position_leader", "event": "tool.register", "logger": "src.tools.registry", "level": "info", "timestamp": "2026-08-26T20:54:06.673101Z"}
{"tool": "arrange_position_leaders", "event": "tool.register", "logger": "src.tools.registry", "level": "info", "timestamp": "2026-08-26T20:54:06.673199Z"}
{"tool": "probe_drawing_stamp_cells", "event": "tool.register", "logger": "src.tools.registry", "level": "info", "timestamp": "2026-08-26T20:54:06.673308Z"}
{"tool": "fill_title_block", "event": "tool.register", "logger": "src.tools.registry", "level": "info", "timestamp": "2026-08-26T20:54:06.673425Z"}
{"tool": "insert_raster_image", "event": "tool.register", "logger": "src.tools.registry", "level": "info", "timestamp": "2026-08-26T20:54:06.673554Z"}
{"tool": "create_color_view_raster", "event": "tool.register", "logger": "src.tools.registry", "level": "info", "timestamp": "2026-08-26T20:54:06.673651Z"}
{"tool": "screenshot_document", "event": "tool.register", "logger": "src.tools.registry", "level": "info", "timestamp": "2026-08-26T20:54:06.673762Z"}
{"tool": "create_layer", "event": "tool.register", "logger": "src.tools.registry", "level": "info", "timestamp": "2026-08-26T20:54:06.673848Z"}
{"tool": "set_active_layer", "event": "tool.register", "logger": "src.tools.registry", "level": "info", "timestamp": "2026-08-26T20:54:06.673927Z"}
{"tool": "set_object_layer", "event": "tool.register", "logger": "src.tools.registry", "level": "info", "timestamp": "2026-08-26T20:54:06.674004Z"}
{"tool": "create_text", "event": "tool.register", "logger": "src.tools.registry", "level": "info", "timestamp": "2026-08-26T20:54:06.674091Z"}
{"tool": "batch_execute", "event": "tool.register", "logger": "src.tools.registry", "level": "info", "timestamp": "2026-08-26T20:54:06.674173Z"}
{"tool": "execute_python_script", "event": "tool.register", "logger": "src.tools.registry", "level": "info", "timestamp": "2026-08-26T20:54:06.674250Z"}
{"tool": "execute_geometry_script", "event": "tool.register", "logger": "src.tools.registry", "level": "info", "timestamp": "2026-08-26T20:54:06.674354Z"}
{"tool": "execute_tdcad_script", "event": "tool.register", "logger": "src.tools.registry", "level": "info", "timestamp": "2026-08-26T20:54:06.674452Z"}
{"tool": "calculate_model_math", "event": "tool.register", "logger": "src.tools.registry", "level": "info", "timestamp": "2026-08-26T20:54:06.674546Z"}
{"tool": "measure_model_properties", "event": "tool.register", "logger": "src.tools.registry", "level": "info", "timestamp": "2026-08-26T20:54:06.674647Z"}
{"tool": "solve_model_goal", "event": "tool.register", "logger": "src.tools.registry", "level": "info", "timestamp": "2026-08-26T20:54:06.674746Z"}
{"tool": "describe_tool", "event": "tool.register", "logger": "src.tools.registry", "level": "info", "timestamp": "2026-08-26T20:54:06.674836Z"}
{"tool": "get_environment", "event": "tool.register", "logger": "src.tools.registry", "level": "info", "timestamp": "2026-08-26T20:54:06.674910Z"}
{"tool": "get_state_summary", "event": "tool.register", "logger": "src.tools.registry", "level": "info", "timestamp": "2026-08-26T20:54:06.674989Z"}
{"tool": "get_geometry_digest", "event": "tool.register", "logger": "src.tools.registry", "level": "info", "timestamp": "2026-08-26T20:54:06.675067Z"}
{"tool": "snapshot_state", "event": "tool.register", "logger": "src.tools.registry", "level": "info", "timestamp": "2026-08-26T20:54:06.675353Z"}
{"tool": "search_kompas_api_graph", "event": "tool.register", "logger": "src.tools.registry", "level": "info", "timestamp": "2026-08-26T20:54:06.675465Z"}
{"tool": "get_kompas_api_symbol", "event": "tool.register", "logger": "src.tools.registry", "level": "info", "timestamp": "2026-08-26T20:54:06.675608Z"}
{"tool": "list_kompas_api_transitions", "event": "tool.register", "logger": "src.tools.registry", "level": "info", "timestamp": "2026-08-26T20:54:06.675705Z"}
{"tool": "find_kompas_api_capability", "event": "tool.register", "logger": "src.tools.registry", "level": "info", "timestamp": "2026-08-26T20:54:06.675795Z"}
{"tool": "validate_kompas_api_capability", "event": "tool.register", "logger": "src.tools.registry", "level": "info", "timestamp": "2026-08-26T20:54:06.675898Z"}
{"tool": "preflight_context", "event": "tool.register", "logger": "src.tools.registry", "level": "info", "timestamp": "2026-08-26T20:54:06.675988Z"}
{"tool": "safe_feature_create", "event": "tool.register", "logger": "src.tools.registry", "level": "info", "timestamp": "2026-08-26T20:54:06.676270Z"}
{"tool": "resolve_selection", "event": "tool.register", "logger": "src.tools.registry", "level": "info", "timestamp": "2026-08-26T20:54:06.676383Z"}
{"tool": "resolve_selection_3d", "event": "tool.register", "logger": "src.tools.registry", "level": "info", "timestamp": "2026-08-26T20:54:06.676481Z"}
{"tool": "snapshot_diff", "event": "tool.register", "logger": "src.tools.registry", "level": "info", "timestamp": "2026-08-26T20:54:06.676757Z"}
{"tool": "validation_inspect", "event": "tool.register", "logger": "src.tools.registry", "level": "info", "timestamp": "2026-08-26T20:54:06.677049Z"}
{"tool": "repair_attempt", "event": "tool.register", "logger": "src.tools.registry", "level": "info", "timestamp": "2026-08-26T20:54:06.677157Z"}
{"tool": "runtime_memory", "event": "tool.register", "logger": "src.tools.registry", "level": "info", "timestamp": "2026-08-26T20:54:06.677253Z"}
{"tool": "create_change_container", "event": "tool.register", "logger": "src.tools.registry", "level": "info", "timestamp": "2026-08-26T20:54:06.677715Z"}
{"tool": "list_change_containers", "event": "tool.register", "logger": "src.tools.registry", "level": "info", "timestamp": "2026-08-26T20:54:06.678219Z"}
{"tool": "activate_change_container", "event": "tool.register", "logger": "src.tools.registry", "level": "info", "timestamp": "2026-08-26T20:54:06.678678Z"}
{"tool": "checkpoint_change_container", "event": "tool.register", "logger": "src.tools.registry", "level": "info", "timestamp": "2026-08-26T20:54:06.679097Z"}
{"tool": "restore_change_container_checkpoint", "event": "tool.register", "logger": "src.tools.registry", "level": "info", "timestamp": "2026-08-26T20:54:06.679504Z"}
{"tool": "discard_change_container", "event": "tool.register", "logger": "src.tools.registry", "level": "info", "timestamp": "2026-08-26T20:54:06.680011Z"}
{"tool": "promote_change_container", "event": "tool.register", "logger": "src.tools.registry", "level": "info", "timestamp": "2026-08-26T20:54:06.680508Z"}
{"tool": "diff_change_containers", "event": "tool.register", "logger": "src.tools.registry", "level": "info", "timestamp": "2026-08-26T20:54:06.681106Z"}
{"tool": "scenario_runner", "event": "tool.register", "logger": "src.tools.registry", "level": "info", "timestamp": "2026-08-26T20:54:06.681214Z"}
{"tool": "verify_geometry", "event": "tool.register", "logger": "src.tools.registry", "level": "info", "timestamp": "2026-08-26T20:54:06.681324Z"}
{"tool": "list_script_helpers", "event": "tool.register", "logger": "src.tools.registry", "level": "info", "timestamp": "2026-08-26T20:54:06.681415Z"}
{"tool": "execute_kompas_command", "event": "tool.register", "logger": "src.tools.registry", "level": "info", "timestamp": "2026-08-26T20:54:06.681507Z"}
{"tool": "attach_kompas_library", "event": "tool.register", "logger": "src.tools.registry", "level": "info", "timestamp": "2026-08-26T20:54:06.681594Z"}
{"tool": "detach_kompas_library", "event": "tool.register", "logger": "src.tools.registry", "level": "info", "timestamp": "2026-08-26T20:54:06.681677Z"}
{"tool": "execute_kompas_library_command", "event": "tool.register", "logger": "src.tools.registry", "level": "info", "timestamp": "2026-08-26T20:54:06.681758Z"}
{"tool": "execute_kompas_library_command_ex", "event": "tool.register", "logger": "src.tools.registry", "level": "info", "timestamp": "2026-08-26T20:54:06.681846Z"}
{"tool": "execute_library_command_by_path", "event": "tool.register", "logger": "src.tools.registry", "level": "info", "timestamp": "2026-08-26T20:54:06.681932Z"}
{"tool": "list_procedure_libraries", "event": "tool.register", "logger": "src.tools.registry", "level": "info", "timestamp": "2026-08-26T20:54:06.682014Z"}
{"tool": "list_procedure_library_commands", "event": "tool.register", "logger": "src.tools.registry", "level": "info", "timestamp": "2026-08-26T20:54:06.682094Z"}
{"tool": "create_document_3d", "event": "tool.register", "logger": "src.tools.registry", "level": "info", "timestamp": "2026-08-26T20:54:06.682374Z"}
{"tool": "get_3d_context", "event": "tool.register", "logger": "src.tools.registry", "level": "info", "timestamp": "2026-08-26T20:54:06.682672Z"}
{"tool": "set_part_properties_3d", "event": "tool.register", "logger": "src.tools.registry", "level": "info", "timestamp": "2026-08-26T20:54:06.682965Z"}
{"tool": "save_document_3d", "event": "tool.register", "logger": "src.tools.registry", "level": "info", "timestamp": "2026-08-26T20:54:06.683252Z"}
{"tool": "set_3d_view", "event": "tool.register", "logger": "src.tools.registry", "level": "info", "timestamp": "2026-08-26T20:54:06.683547Z"}
{"tool": "rebuild_model_3d", "event": "tool.register", "logger": "src.tools.registry", "level": "info", "timestamp": "2026-08-26T20:54:06.683836Z"}
{"tool": "list_default_entities_3d", "event": "tool.register", "logger": "src.tools.registry", "level": "info", "timestamp": "2026-08-26T20:54:06.684116Z"}
{"tool": "list_bodies_3d", "event": "tool.register", "logger": "src.tools.registry", "level": "info", "timestamp": "2026-08-26T20:54:06.684396Z"}
{"tool": "set_body_properties_3d", "event": "tool.register", "logger": "src.tools.registry", "level": "info", "timestamp": "2026-08-26T20:54:06.684952Z"}
{"tool": "set_body_appearance_3d", "event": "tool.register", "logger": "src.tools.registry", "level": "info", "timestamp": "2026-08-26T20:54:06.685255Z"}
{"tool": "extract_multibody_parts_table", "event": "tool.register", "logger": "src.tools.registry", "level": "info", "timestamp": "2026-08-26T20:54:06.685548Z"}
{"tool": "list_faces_3d", "event": "tool.register", "logger": "src.tools.registry", "level": "info", "timestamp": "2026-08-26T20:54:06.685843Z"}
{"tool": "list_edges_3d", "event": "tool.register", "logger": "src.tools.registry", "level": "info", "timestamp": "2026-08-26T20:54:06.686128Z"}
{"tool": "get_topology_summary_3d", "event": "tool.register", "logger": "src.tools.registry", "level": "info", "timestamp": "2026-08-26T20:54:06.686412Z"}
{"tool": "create_offset_plane_3d", "event": "tool.register", "logger": "src.tools.registry", "level": "info", "timestamp": "2026-08-26T20:54:06.686699Z"}
{"tool": "create_sketch_3d", "event": "tool.register", "logger": "src.tools.registry", "level": "info", "timestamp": "2026-08-26T20:54:06.686984Z"}
{"tool": "update_sketch_3d", "event": "tool.register", "logger": "src.tools.registry", "level": "info", "timestamp": "2026-08-26T20:54:06.687386Z"}
{"tool": "close_sketch_3d", "event": "tool.register", "logger": "src.tools.registry", "level": "info", "timestamp": "2026-08-26T20:54:06.687753Z"}
{"tool": "create_revolve_boss_3d", "event": "tool.register", "logger": "src.tools.registry", "level": "info", "timestamp": "2026-08-26T20:54:06.688043Z"}
{"tool": "create_edge_fillet_3d", "event": "tool.register", "logger": "src.tools.registry", "level": "info", "timestamp": "2026-08-26T20:54:06.688326Z"}
{"tool": "create_edge_chamfer_3d", "event": "tool.register", "logger": "src.tools.registry", "level": "info", "timestamp": "2026-08-26T20:54:06.688615Z"}
{"tool": "create_extrude_boss_3d", "event": "tool.register", "logger": "src.tools.registry", "level": "info", "timestamp": "2026-08-26T20:54:06.688906Z"}
{"tool": "create_extrude_cut_3d", "event": "tool.register", "logger": "src.tools.registry", "level": "info", "timestamp": "2026-08-26T20:54:06.689197Z"}
{"tool": "create_cylindrical_helix_3d", "event": "tool.register", "logger": "src.tools.registry", "level": "info", "timestamp": "2026-08-26T20:54:06.689486Z"}
{"tool": "create_sweep_cut_3d", "event": "tool.register", "logger": "src.tools.registry", "level": "info", "timestamp": "2026-08-26T20:54:06.689779Z"}
{"tool": "create_circular_pattern_3d", "event": "tool.register", "logger": "src.tools.registry", "level": "info", "timestamp": "2026-08-26T20:54:06.690066Z"}
{"tool": "create_linear_pattern_3d", "event": "tool.register", "logger": "src.tools.registry", "level": "info", "timestamp": "2026-08-26T20:54:06.690351Z"}
{"tool": "create_sweep_boss_3d", "event": "tool.register", "logger": "src.tools.registry", "level": "info", "timestamp": "2026-08-26T20:54:06.690632Z"}
{"tool": "create_loft_boss_3d", "event": "tool.register", "logger": "src.tools.registry", "level": "info", "timestamp": "2026-08-26T20:54:06.690908Z"}
{"tool": "create_loft_cut_3d", "event": "tool.register", "logger": "src.tools.registry", "level": "info", "timestamp": "2026-08-26T20:54:06.691188Z"}
{"tool": "create_shell_3d", "event": "tool.register", "logger": "src.tools.registry", "level": "info", "timestamp": "2026-08-26T20:54:06.691467Z"}
{"tool": "create_draft_3d", "event": "tool.register", "logger": "src.tools.registry", "level": "info", "timestamp": "2026-08-26T20:54:06.691761Z"}
{"tool": "create_rib_3d", "event": "tool.register", "logger": "src.tools.registry", "level": "info", "timestamp": "2026-08-26T20:54:06.692063Z"}
{"tool": "list_feature_tree_3d", "event": "tool.register", "logger": "src.tools.registry", "level": "info", "timestamp": "2026-08-26T20:54:06.692359Z"}
{"tool": "get_feature_info_3d", "event": "tool.register", "logger": "src.tools.registry", "level": "info", "timestamp": "2026-08-26T20:54:06.692630Z"}
{"tool": "update_feature_3d", "event": "tool.register", "logger": "src.tools.registry", "level": "info", "timestamp": "2026-08-26T20:54:06.692914Z"}
{"tool": "suppress_feature_3d", "event": "tool.register", "logger": "src.tools.registry", "level": "info", "timestamp": "2026-08-26T20:54:06.693198Z"}
HTTP Request: GET https://kompasmcp.ru/client/policy "HTTP/1.1 200 OK"
HTTP Request: GET https://kompasmcp.ru/client/policy "HTTP/1.1 200 OK"
{"event": "local_authorized_server.initialize.success", "logger": "src.launcher.local_authorized_server", "level": "info", "timestamp": "2026-08-26T20:54:09.404945Z"}
Processing request of type ListToolsRequest
Processing request of type ListToolsRequest
{"event": "local_authorized_server.initialize.start", "logger": "src.launcher.local_authorized_server", "level": "info", "timestamp": "2026-08-26T20:54:21.766952Z"}
{"worker": "COM", "event": "com_worker.thread.start", "logger": "src.kompas.com_worker", "level": "info", "timestamp": "2026-08-26T20:54:21.767316Z"}
{"event": "kompas.initialize.start", "logger": "src.kompas.connection", "level": "info", "timestamp": "2026-08-26T20:54:21.767535Z"}
{"dispatch": "Kompas.Application.7", "visible": false, "event": "kompas.dispatch.candidate", "logger": "src.kompas.connection", "level": "info", "timestamp": "2026-08-26T20:54:21.832491Z"}
{"dispatch": "Kompas.Application.5", "visible": false, "event": "kompas.dispatch.candidate", "logger": "src.kompas.connection", "level": "info", "timestamp": "2026-08-26T20:54:21.833489Z"}
{"dispatch": "Kompas.Application.7", "event": "kompas.dispatch.selected", "logger": "src.kompas.connection", "level": "info", "timestamp": "2026-08-26T20:54:21.833588Z"}
{"dispatch": "Kompas.Application.5", "wrapper": "KompasObject", "error": "(-2147467262, '\u0418\u043d\u0442\u0435\u0440\u0444\u0435\u0439\u0441 \u043d\u0435 \u043f\u043e\u0434\u0434\u0435\u0440\u0436\u0438\u0432\u0430\u0435\u0442\u0441\u044f', None, None)", "event": "kompas.dispatch.query_interface_failed", "logger": "src.kompas.connection", "level": "warning", "timestamp": "2026-08-26T20:54:21.834551Z"}
{"event": "kompas.initialize.success", "logger": "src.kompas.connection", "level": "info", "timestamp": "2026-08-26T20:54:21.837069Z"}
{"tool": "create_line", "event": "tool.register", "logger": "src.tools.registry", "level": "info", "timestamp": "2026-08-26T20:54:21.837329Z"}
{"tool": "create_polyline", "event": "tool.register", "logger": "src.tools.registry", "level": "info", "timestamp": "2026-08-26T20:54:21.837684Z"}
{"tool": "create_infinite_line", "event": "tool.register", "logger": "src.tools.registry", "level": "info", "timestamp": "2026-08-26T20:54:21.838031Z"}
{"tool": "create_circle", "event": "tool.register", "logger": "src.tools.registry", "level": "info", "timestamp": "2026-08-26T20:54:21.838228Z"}
{"tool": "create_arc", "event": "tool.register", "logger": "src.tools.registry", "level": "info", "timestamp": "2026-08-26T20:54:21.838368Z"}
{"tool": "create_angle_dimension", "event": "tool.register", "logger": "src.tools.registry", "level": "info", "timestamp": "2026-08-26T20:54:21.838513Z"}
{"tool": "create_arc_by_three_points", "event": "tool.register", "logger": "src.tools.registry", "level": "info", "timestamp": "2026-08-26T20:54:21.838665Z"}
{"tool": "create_point", "event": "tool.register", "logger": "src.tools.registry", "level": "info", "timestamp": "2026-08-26T20:54:21.838798Z"}
{"tool": "create_rectangle", "event": "tool.register", "logger": "src.tools.registry", "level": "info", "timestamp": "2026-08-26T20:54:21.838916Z"}
{"tool": "create_regular_polygon", "event": "tool.register", "logger": "src.tools.registry", "level": "info", "timestamp": "2026-08-26T20:54:21.839035Z"}
{"tool": "create_chamfer", "event": "tool.register", "logger": "src.tools.registry", "level": "info", "timestamp": "2026-08-26T20:54:21.839161Z"}
{"tool": "create_fillet", "event": "tool.register", "logger": "src.tools.registry", "level": "info", "timestamp": "2026-08-26T20:54:21.839273Z"}
{"tool": "create_ellipse", "event": "tool.register", "logger": "src.tools.registry", "level": "info", "timestamp": "2026-08-26T20:54:21.839381Z"}
{"tool": "create_ellipse_arc", "event": "tool.register", "logger": "src.tools.registry", "level": "info", "timestamp": "2026-08-26T20:54:21.839487Z"}
{"tool": "create_linear_dimension", "event": "tool.register", "logger": "src.tools.registry", "level": "info", "timestamp": "2026-08-26T20:54:21.839595Z"}
{"tool": "create_diameter_dimension", "event": "tool.register", "logger": "src.tools.registry", "level": "info", "timestamp": "2026-08-26T20:54:21.839691Z"}
{"tool": "create_radius_dimension", "event": "tool.register", "logger": "src.tools.registry", "level": "info", "timestamp": "2026-08-26T20:54:21.839798Z"}
{"tool": "dimension_between_objects", "event": "tool.register", "logger": "src.tools.registry", "level": "info", "timestamp": "2026-08-26T20:54:21.839922Z"}
{"tool": "auto_arrange_dimensions", "event": "tool.register", "logger": "src.tools.registry", "level": "info", "timestamp": "2026-08-26T20:54:21.840028Z"}
{"tool": "create_ordinate_dimension", "event": "tool.register", "logger": "src.tools.registry", "level": "info", "timestamp": "2026-08-26T20:54:21.840129Z"}
{"tool": "export_to_json", "event": "tool.register", "logger": "src.tools.registry", "level": "info", "timestamp": "2026-08-26T20:54:21.840297Z"}
{"tool": "list_objects", "event": "tool.register", "logger": "src.tools.registry", "level": "info", "timestamp": "2026-08-26T20:54:21.840437Z"}
{"tool": "get_object_info", "event": "tool.register", "logger": "src.tools.registry", "level": "info", "timestamp": "2026-08-26T20:54:21.840532Z"}
{"tool": "find_object_by_point", "event": "tool.register", "logger": "src.tools.registry", "level": "info", "timestamp": "2026-08-26T20:54:21.840616Z"}
{"tool": "delete_object", "event": "tool.register", "logger": "src.tools.registry", "level": "info", "timestamp": "2026-08-26T20:54:21.840699Z"}
{"tool": "move_object", "event": "tool.register", "logger": "src.tools.registry", "level": "info", "timestamp": "2026-08-26T20:54:21.840783Z"}
{"tool": "transform_object", "event": "tool.register", "logger": "src.tools.registry", "level": "info", "timestamp": "2026-08-26T20:54:21.840868Z"}
{"tool": "symmetry_object", "event": "tool.register", "logger": "src.tools.registry", "level": "info", "timestamp": "2026-08-26T20:54:21.841024Z"}
{"tool": "update_circle", "event": "tool.register", "logger": "src.tools.registry", "level": "info", "timestamp": "2026-08-26T20:54:21.841121Z"}
{"tool": "update_line", "event": "tool.register", "logger": "src.tools.registry", "level": "info", "timestamp": "2026-08-26T20:54:21.841209Z"}
{"tool": "measure_distance", "event": "tool.register", "logger": "src.tools.registry", "level": "info", "timestamp": "2026-08-26T20:54:21.841306Z"}
{"tool": "measure_length", "event": "tool.register", "logger": "src.tools.registry", "level": "info", "timestamp": "2026-08-26T20:54:21.841394Z"}
{"tool": "measure_angle", "event": "tool.register", "logger": "src.tools.registry", "level": "info", "timestamp": "2026-08-26T20:54:21.841474Z"}
{"tool": "measure_area", "event": "tool.register", "logger": "src.tools.registry", "level": "info", "timestamp": "2026-08-26T20:54:21.841553Z"}
{"tool": "check_intersection", "event": "tool.register", "logger": "src.tools.registry", "level": "info", "timestamp": "2026-08-26T20:54:21.841631Z"}
{"tool": "save_document", "event": "tool.register", "logger": "src.tools.registry", "level": "info", "timestamp": "2026-08-26T20:54:21.841708Z"}
{"tool": "export_to_dxf", "event": "tool.register", "logger": "src.tools.registry", "level": "info", "timestamp": "2026-08-26T20:54:21.841780Z"}
{"tool": "open_document", "event": "tool.register", "logger": "src.tools.registry", "level": "info", "timestamp": "2026-08-26T20:54:21.841852Z"}
{"tool": "create_document", "event": "tool.register", "logger": "src.tools.registry", "level": "info", "timestamp": "2026-08-26T20:54:21.841929Z"}
{"tool": "list_open_documents", "event": "tool.register", "logger": "src.tools.registry", "level": "info", "timestamp": "2026-08-26T20:54:21.842008Z"}
{"tool": "get_active_document", "event": "tool.register", "logger": "src.tools.registry", "level": "info", "timestamp": "2026-08-26T20:54:21.842079Z"}
{"tool": "activate_document", "event": "tool.register", "logger": "src.tools.registry", "level": "info", "timestamp": "2026-08-26T20:54:21.842159Z"}
{"tool": "close_document", "event": "tool.register", "logger": "src.tools.registry", "level": "info", "timestamp": "2026-08-26T20:54:21.842236Z"}
{"tool": "close_all_documents", "event": "tool.register", "logger": "src.tools.registry", "level": "info", "timestamp": "2026-08-26T20:54:21.842310Z"}
{"tool": "close_all_except_documents", "event": "tool.register", "logger": "src.tools.registry", "level": "info", "timestamp": "2026-08-26T20:54:21.842385Z"}
{"tool": "create_standard_sheet", "event": "tool.register", "logger": "src.tools.registry", "level": "info", "timestamp": "2026-08-26T20:54:21.842473Z"}
{"tool": "checkpoint_create", "event": "tool.register", "logger": "src.tools.registry", "level": "info", "timestamp": "2026-08-26T20:54:21.842991Z"}
{"tool": "checkpoint_restore", "event": "tool.register", "logger": "src.tools.registry", "level": "info", "timestamp": "2026-08-26T20:54:21.843665Z"}
{"tool": "begin_transaction", "event": "tool.register", "logger": "src.tools.registry", "level": "info", "timestamp": "2026-08-26T20:54:21.844063Z"}
{"tool": "commit_transaction", "event": "tool.register", "logger": "src.tools.registry", "level": "info", "timestamp": "2026-08-26T20:54:21.844528Z"}
{"tool": "rollback_transaction", "event": "tool.register", "logger": "src.tools.registry", "level": "info", "timestamp": "2026-08-26T20:54:21.845131Z"}
{"tool": "get_active_context", "event": "tool.register", "logger": "src.tools.registry", "level": "info", "timestamp": "2026-08-26T20:54:21.845236Z"}
{"tool": "set_active_context", "event": "tool.register", "logger": "src.tools.registry", "level": "info", "timestamp": "2026-08-26T20:54:21.845336Z"}
{"tool": "set_active_view", "event": "tool.register", "logger": "src.tools.registry", "level": "info", "timestamp": "2026-08-26T20:54:21.845423Z"}
{"tool": "create_view", "event": "tool.register", "logger": "src.tools.registry", "level": "info", "timestamp": "2026-08-26T20:54:21.845553Z"}
{"tool": "create_view_layout", "event": "tool.register", "logger": "src.tools.registry", "level": "info", "timestamp": "2026-08-26T20:54:21.845659Z"}
{"tool": "move_view", "event": "tool.register", "logger": "src.tools.registry", "level": "info", "timestamp": "2026-08-26T20:54:21.845749Z"}
{"tool": "validate_drawing_layout", "event": "tool.register", "logger": "src.tools.registry", "level": "info", "timestamp": "2026-08-26T20:54:21.845840Z"}
{"tool": "fill_drawing_stamp", "event": "tool.register", "logger": "src.tools.registry", "level": "info", "timestamp": "2026-08-26T20:54:21.845940Z"}
{"tool": "create_drawing_table", "event": "tool.register", "logger": "src.tools.registry", "level": "info", "timestamp": "2026-08-26T20:54:21.846044Z"}
{"tool": "create_parts_table", "event": "tool.register", "logger": "src.tools.registry", "level": "info", "timestamp": "2026-08-26T20:54:21.846138Z"}
{"tool": "read_drawing_table", "event": "tool.register", "logger": "src.tools.registry", "level": "info", "timestamp": "2026-08-26T20:54:21.846222Z"}
{"tool": "update_drawing_table", "event": "tool.register", "logger": "src.tools.registry", "level": "info", "timestamp": "2026-08-26T20:54:21.846303Z"}
{"tool": "write_csv_artifact", "event": "tool.register", "logger": "src.tools.registry", "level": "info", "timestamp": "2026-08-26T20:54:21.846386Z"}
{"tool": "create_position_leader", "event": "tool.register", "logger": "src.tools.registry", "level": "info", "timestamp": "2026-08-26T20:54:21.846484Z"}
{"tool": "arrange_position_leaders", "event": "tool.register", "logger": "src.tools.registry", "level": "info", "timestamp": "2026-08-26T20:54:21.846575Z"}
{"tool": "probe_drawing_stamp_cells", "event": "tool.register", "logger": "src.tools.registry", "level": "info", "timestamp": "2026-08-26T20:54:21.846675Z"}
{"tool": "fill_title_block", "event": "tool.register", "logger": "src.tools.registry", "level": "info", "timestamp": "2026-08-26T20:54:21.846782Z"}
{"tool": "insert_raster_image", "event": "tool.register", "logger": "src.tools.registry", "level": "info", "timestamp": "2026-08-26T20:54:21.846883Z"}
{"tool": "create_color_view_raster", "event": "tool.register", "logger": "src.tools.registry", "level": "info", "timestamp": "2026-08-26T20:54:21.846973Z"}
{"tool": "screenshot_document", "event": "tool.register", "logger": "src.tools.registry", "level": "info", "timestamp": "2026-08-26T20:54:21.847080Z"}
{"tool": "create_layer", "event": "tool.register", "logger": "src.tools.registry", "level": "info", "timestamp": "2026-08-26T20:54:21.847165Z"}
{"tool": "set_active_layer", "event": "tool.register", "logger": "src.tools.registry", "level": "info", "timestamp": "2026-08-26T20:54:21.847240Z"}
{"tool": "set_object_layer", "event": "tool.register", "logger": "src.tools.registry", "level": "info", "timestamp": "2026-08-26T20:54:21.847316Z"}
{"tool": "create_text", "event": "tool.register", "logger": "src.tools.registry", "level": "info", "timestamp": "2026-08-26T20:54:21.847401Z"}
{"tool": "batch_execute", "event": "tool.register", "logger": "src.tools.registry", "level": "info", "timestamp": "2026-08-26T20:54:21.847481Z"}
{"tool": "execute_python_script", "event": "tool.register", "logger": "src.tools.registry", "level": "info", "timestamp": "2026-08-26T20:54:21.847556Z"}
{"tool": "execute_geometry_script", "event": "tool.register", "logger": "src.tools.registry", "level": "info", "timestamp": "2026-08-26T20:54:21.847653Z"}
{"tool": "execute_tdcad_script", "event": "tool.register", "logger": "src.tools.registry", "level": "info", "timestamp": "2026-08-26T20:54:21.847742Z"}
{"tool": "calculate_model_math", "event": "tool.register", "logger": "src.tools.registry", "level": "info", "timestamp": "2026-08-26T20:54:21.847827Z"}
{"tool": "measure_model_properties", "event": "tool.register", "logger": "src.tools.registry", "level": "info", "timestamp": "2026-08-26T20:54:21.847918Z"}
{"tool": "solve_model_goal", "event": "tool.register", "logger": "src.tools.registry", "level": "info", "timestamp": "2026-08-26T20:54:21.848014Z"}
{"tool": "describe_tool", "event": "tool.register", "logger": "src.tools.registry", "level": "info", "timestamp": "2026-08-26T20:54:21.848100Z"}
{"tool": "get_environment", "event": "tool.register", "logger": "src.tools.registry", "level": "info", "timestamp": "2026-08-26T20:54:21.848173Z"}
{"tool": "get_state_summary", "event": "tool.register", "logger": "src.tools.registry", "level": "info", "timestamp": "2026-08-26T20:54:21.848249Z"}
{"tool": "get_geometry_digest", "event": "tool.register", "logger": "src.tools.registry", "level": "info", "timestamp": "2026-08-26T20:54:21.848323Z"}
{"tool": "snapshot_state", "event": "tool.register", "logger": "src.tools.registry", "level": "info", "timestamp": "2026-08-26T20:54:21.848601Z"}
{"tool": "search_kompas_api_graph", "event": "tool.register", "logger": "src.tools.registry", "level": "info", "timestamp": "2026-08-26T20:54:21.848707Z"}
{"tool": "get_kompas_api_symbol", "event": "tool.register", "logger": "src.tools.registry", "level": "info", "timestamp": "2026-08-26T20:54:21.848796Z"}
{"tool": "list_kompas_api_transitions", "event": "tool.register", "logger": "src.tools.registry", "level": "info", "timestamp": "2026-08-26T20:54:21.848883Z"}
{"tool": "find_kompas_api_capability", "event": "tool.register", "logger": "src.tools.registry", "level": "info", "timestamp": "2026-08-26T20:54:21.848967Z"}
{"tool": "validate_kompas_api_capability", "event": "tool.register", "logger": "src.tools.registry", "level": "info", "timestamp": "2026-08-26T20:54:21.849064Z"}
{"tool": "preflight_context", "event": "tool.register", "logger": "src.tools.registry", "level": "info", "timestamp": "2026-08-26T20:54:21.849152Z"}
{"tool": "safe_feature_create", "event": "tool.register", "logger": "src.tools.registry", "level": "info", "timestamp": "2026-08-26T20:54:21.849423Z"}
{"tool": "resolve_selection", "event": "tool.register", "logger": "src.tools.registry", "level": "info", "timestamp": "2026-08-26T20:54:21.849534Z"}
{"tool": "resolve_selection_3d", "event": "tool.register", "logger": "src.tools.registry", "level": "info", "timestamp": "2026-08-26T20:54:21.849629Z"}
{"tool": "snapshot_diff", "event": "tool.register", "logger": "src.tools.registry", "level": "info", "timestamp": "2026-08-26T20:54:21.849902Z"}
{"tool": "validation_inspect", "event": "tool.register", "logger": "src.tools.registry", "level": "info", "timestamp": "2026-08-26T20:54:21.850205Z"}
{"tool": "repair_attempt", "event": "tool.register", "logger": "src.tools.registry", "level": "info", "timestamp": "2026-08-26T20:54:21.850306Z"}
{"tool": "runtime_memory", "event": "tool.register", "logger": "src.tools.registry", "level": "info", "timestamp": "2026-08-26T20:54:21.850396Z"}
{"tool": "create_change_container", "event": "tool.register", "logger": "src.tools.registry", "level": "info", "timestamp": "2026-08-26T20:54:21.850794Z"}
{"tool": "list_change_containers", "event": "tool.register", "logger": "src.tools.registry", "level": "info", "timestamp": "2026-08-26T20:54:21.851181Z"}
{"tool": "activate_change_container", "event": "tool.register", "logger": "src.tools.registry", "level": "info", "timestamp": "2026-08-26T20:54:21.851758Z"}
{"tool": "checkpoint_change_container", "event": "tool.register", "logger": "src.tools.registry", "level": "info", "timestamp": "2026-08-26T20:54:21.852346Z"}
{"tool": "restore_change_container_checkpoint", "event": "tool.register", "logger": "src.tools.registry", "level": "info", "timestamp": "2026-08-26T20:54:21.852893Z"}
{"tool": "discard_change_container", "event": "tool.register", "logger": "src.tools.registry", "level": "info", "timestamp": "2026-08-26T20:54:21.853406Z"}
{"tool": "promote_change_container", "event": "tool.register", "logger": "src.tools.registry", "level": "info", "timestamp": "2026-08-26T20:54:21.853887Z"}
{"tool": "diff_change_containers", "event": "tool.register", "logger": "src.tools.registry", "level": "info", "timestamp": "2026-08-26T20:54:21.854592Z"}
{"tool": "scenario_runner", "event": "tool.register", "logger": "src.tools.registry", "level": "info", "timestamp": "2026-08-26T20:54:21.854705Z"}
{"tool": "verify_geometry", "event": "tool.register", "logger": "src.tools.registry", "level": "info", "timestamp": "2026-08-26T20:54:21.854818Z"}
{"tool": "list_script_helpers", "event": "tool.register", "logger": "src.tools.registry", "level": "info", "timestamp": "2026-08-26T20:54:21.854912Z"}
{"tool": "execute_kompas_command", "event": "tool.register", "logger": "src.tools.registry", "level": "info", "timestamp": "2026-08-26T20:54:21.854996Z"}
{"tool": "attach_kompas_library", "event": "tool.register", "logger": "src.tools.registry", "level": "info", "timestamp": "2026-08-26T20:54:21.855075Z"}
{"tool": "detach_kompas_library", "event": "tool.register", "logger": "src.tools.registry", "level": "info", "timestamp": "2026-08-26T20:54:21.855154Z"}
{"tool": "execute_kompas_library_command", "event": "tool.register", "logger": "src.tools.registry", "level": "info", "timestamp": "2026-08-26T20:54:21.855232Z"}
{"tool": "execute_kompas_library_command_ex", "event": "tool.register", "logger": "src.tools.registry", "level": "info", "timestamp": "2026-08-26T20:54:21.855311Z"}
{"tool": "execute_library_command_by_path", "event": "tool.register", "logger": "src.tools.registry", "level": "info", "timestamp": "2026-08-26T20:54:21.855420Z"}
{"tool": "list_procedure_libraries", "event": "tool.register", "logger": "src.tools.registry", "level": "info", "timestamp": "2026-08-26T20:54:21.855517Z"}
{"tool": "list_procedure_library_commands", "event": "tool.register", "logger": "src.tools.registry", "level": "info", "timestamp": "2026-08-26T20:54:21.855603Z"}
{"tool": "create_document_3d", "event": "tool.register", "logger": "src.tools.registry", "level": "info", "timestamp": "2026-08-26T20:54:21.855931Z"}
{"tool": "get_3d_context", "event": "tool.register", "logger": "src.tools.registry", "level": "info", "timestamp": "2026-08-26T20:54:21.856251Z"}
{"tool": "set_part_properties_3d", "event": "tool.register", "logger": "src.tools.registry", "level": "info", "timestamp": "2026-08-26T20:54:21.856568Z"}
{"tool": "save_document_3d", "event": "tool.register", "logger": "src.tools.registry", "level": "info", "timestamp": "2026-08-26T20:54:21.856876Z"}
{"tool": "set_3d_view", "event": "tool.register", "logger": "src.tools.registry", "level": "info", "timestamp": "2026-08-26T20:54:21.857192Z"}
{"tool": "rebuild_model_3d", "event": "tool.register", "logger": "src.tools.registry", "level": "info", "timestamp": "2026-08-26T20:54:21.857511Z"}
{"tool": "list_default_entities_3d", "event": "tool.register", "logger": "src.tools.registry", "level": "info", "timestamp": "2026-08-26T20:54:21.857822Z"}
{"tool": "list_bodies_3d", "event": "tool.register", "logger": "src.tools.registry", "level": "info", "timestamp": "2026-08-26T20:54:21.858126Z"}
{"tool": "set_body_properties_3d", "event": "tool.register", "logger": "src.tools.registry", "level": "info", "timestamp": "2026-08-26T20:54:21.858813Z"}
{"tool": "set_body_appearance_3d", "event": "tool.register", "logger": "src.tools.registry", "level": "info", "timestamp": "2026-08-26T20:54:21.859142Z"}
{"tool": "extract_multibody_parts_table", "event": "tool.register", "logger": "src.tools.registry", "level": "info", "timestamp": "2026-08-26T20:54:21.859471Z"}
{"tool": "list_faces_3d", "event": "tool.register", "logger": "src.tools.registry", "level": "info", "timestamp": "2026-08-26T20:54:21.859779Z"}
{"tool": "list_edges_3d", "event": "tool.register", "logger": "src.tools.registry", "level": "info", "timestamp": "2026-08-26T20:54:21.860086Z"}
{"tool": "get_topology_summary_3d", "event": "tool.register", "logger": "src.tools.registry", "level": "info", "timestamp": "2026-08-26T20:54:21.860386Z"}
{"tool": "create_offset_plane_3d", "event": "tool.register", "logger": "src.tools.registry", "level": "info", "timestamp": "2026-08-26T20:54:21.860697Z"}
{"tool": "create_sketch_3d", "event": "tool.register", "logger": "src.tools.registry", "level": "info", "timestamp": "2026-08-26T20:54:21.902918Z"}
{"tool": "update_sketch_3d", "event": "tool.register", "logger": "src.tools.registry", "level": "info", "timestamp": "2026-08-26T20:54:21.903475Z"}
{"tool": "close_sketch_3d", "event": "tool.register", "logger": "src.tools.registry", "level": "info", "timestamp": "2026-08-26T20:54:21.903868Z"}
{"tool": "create_revolve_boss_3d", "event": "tool.register", "logger": "src.tools.registry", "level": "info", "timestamp": "2026-08-26T20:54:21.904178Z"}
{"tool": "create_edge_fillet_3d", "event": "tool.register", "logger": "src.tools.registry", "level": "info", "timestamp": "2026-08-26T20:54:21.904459Z"}
{"tool": "create_edge_chamfer_3d", "event": "tool.register", "logger": "src.tools.registry", "level": "info", "timestamp": "2026-08-26T20:54:21.904743Z"}
{"tool": "create_extrude_boss_3d", "event": "tool.register", "logger": "src.tools.registry", "level": "info", "timestamp": "2026-08-26T20:54:21.905051Z"}
{"tool": "create_extrude_cut_3d", "event": "tool.register", "logger": "src.tools.registry", "level": "info", "timestamp": "2026-08-26T20:54:21.905349Z"}
{"tool": "create_cylindrical_helix_3d", "event": "tool.register", "logger": "src.tools.registry", "level": "info", "timestamp": "2026-08-26T20:54:21.905638Z"}
{"tool": "create_sweep_cut_3d", "event": "tool.register", "logger": "src.tools.registry", "level": "info", "timestamp": "2026-08-26T20:54:21.905914Z"}
{"tool": "create_circular_pattern_3d", "event": "tool.register", "logger": "src.tools.registry", "level": "info", "timestamp": "2026-08-26T20:54:21.906190Z"}
{"tool": "create_linear_pattern_3d", "event": "tool.register", "logger": "src.tools.registry", "level": "info", "timestamp": "2026-08-26T20:54:21.906467Z"}
{"tool": "create_sweep_boss_3d", "event": "tool.register", "logger": "src.tools.registry", "level": "info", "timestamp": "2026-08-26T20:54:21.906741Z"}
{"tool": "create_loft_boss_3d", "event": "tool.register", "logger": "src.tools.registry", "level": "info", "timestamp": "2026-08-26T20:54:21.907013Z"}
{"tool": "create_loft_cut_3d", "event": "tool.register", "logger": "src.tools.registry", "level": "info", "timestamp": "2026-08-26T20:54:21.907283Z"}
{"tool": "create_shell_3d", "event": "tool.register", "logger": "src.tools.registry", "level": "info", "timestamp": "2026-08-26T20:54:21.907555Z"}
{"tool": "create_draft_3d", "event": "tool.register", "logger": "src.tools.registry", "level": "info", "timestamp": "2026-08-26T20:54:21.907820Z"}
{"tool": "create_rib_3d", "event": "tool.register", "logger": "src.tools.registry", "level": "info", "timestamp": "2026-08-26T20:54:21.908088Z"}
{"tool": "list_feature_tree_3d", "event": "tool.register", "logger": "src.tools.registry", "level": "info", "timestamp": "2026-08-26T20:54:21.908350Z"}
{"tool": "get_feature_info_3d", "event": "tool.register", "logger": "src.tools.registry", "level": "info", "timestamp": "2026-08-26T20:54:21.908610Z"}
{"tool": "update_feature_3d", "event": "tool.register", "logger": "src.tools.registry", "level": "info", "timestamp": "2026-08-26T20:54:21.908869Z"}
{"tool": "suppress_feature_3d", "event": "tool.register", "logger": "src.tools.registry", "level": "info", "timestamp": "2026-08-26T20:54:21.909130Z"}
HTTP Request: GET https://kompasmcp.ru/client/policy "HTTP/1.1 200 OK"
{"event": "local_authorized_server.initialize.success", "logger": "src.launcher.local_authorized_server", "level": "info", "timestamp": "2026-08-26T20:54:22.466682Z"}
Processing request of type ListToolsRequest
{"event": "local_authorized_server.initialize.start", "logger": "src.launcher.local_authorized_server", "level": "info", "timestamp": "2026-08-26T20:54:45.280040Z"}
{"worker": "COM", "event": "com_worker.thread.start", "logger": "src.kompas.com_worker", "level": "info", "timestamp": "2026-08-26T20:54:45.280382Z"}
{"event": "kompas.initialize.start", "logger": "src.kompas.connection", "level": "info", "timestamp": "2026-08-26T20:54:45.280575Z"}
{"dispatch": "Kompas.Application.7", "visible": false, "event": "kompas.dispatch.candidate", "logger": "src.kompas.connection", "level": "info", "timestamp": "2026-08-26T20:54:45.343673Z"}
{"dispatch": "Kompas.Application.5", "visible": false, "event": "kompas.dispatch.candidate", "logger": "src.kompas.connection", "level": "info", "timestamp": "2026-08-26T20:54:45.344545Z"}
{"dispatch": "Kompas.Application.7", "event": "kompas.dispatch.selected", "logger": "src.kompas.connection", "level": "info", "timestamp": "2026-08-26T20:54:45.344632Z"}
{"dispatch": "Kompas.Application.5", "wrapper": "KompasObject", "error": "(-2147467262, '\u0418\u043d\u0442\u0435\u0440\u0444\u0435\u0439\u0441 \u043d\u0435 \u043f\u043e\u0434\u0434\u0435\u0440\u0436\u0438\u0432\u0430\u0435\u0442\u0441\u044f', None, None)", "event": "kompas.dispatch.query_interface_failed", "logger": "src.kompas.connection", "level": "warning", "timestamp": "2026-08-26T20:54:45.345528Z"}
{"event": "kompas.initialize.success", "logger": "src.kompas.connection", "level": "info", "timestamp": "2026-08-26T20:54:45.347885Z"}
{"tool": "create_line", "event": "tool.register", "logger": "src.tools.registry", "level": "info", "timestamp": "2026-08-26T20:54:45.348178Z"}
{"tool": "create_polyline", "event": "tool.register", "logger": "src.tools.registry", "level": "info", "timestamp": "2026-08-26T20:54:45.348409Z"}
{"tool": "create_infinite_line", "event": "tool.register", "logger": "src.tools.registry", "level": "info", "timestamp": "2026-08-26T20:54:45.348547Z"}
{"tool": "create_circle", "event": "tool.register", "logger": "src.tools.registry", "level": "info", "timestamp": "2026-08-26T20:54:45.348668Z"}
{"tool": "create_arc", "event": "tool.register", "logger": "src.tools.registry", "level": "info", "timestamp": "2026-08-26T20:54:45.348786Z"}
{"tool": "create_angle_dimension", "event": "tool.register", "logger": "src.tools.registry", "level": "info", "timestamp": "2026-08-26T20:54:45.348926Z"}
{"tool": "create_arc_by_three_points", "event": "tool.register", "logger": "src.tools.registry", "level": "info", "timestamp": "2026-08-26T20:54:45.349054Z"}
{"tool": "create_point", "event": "tool.register", "logger": "src.tools.registry", "level": "info", "timestamp": "2026-08-26T20:54:45.349166Z"}
{"tool": "create_rectangle", "event": "tool.register", "logger": "src.tools.registry", "level": "info", "timestamp": "2026-08-26T20:54:45.349258Z"}
{"tool": "create_regular_polygon", "event": "tool.register", "logger": "src.tools.registry", "level": "info", "timestamp": "2026-08-26T20:54:45.349350Z"}
{"tool": "create_chamfer", "event": "tool.register", "logger": "src.tools.registry", "level": "info", "timestamp": "2026-08-26T20:54:45.349446Z"}
{"tool": "create_fillet", "event": "tool.register", "logger": "src.tools.registry", "level": "info", "timestamp": "2026-08-26T20:54:45.349534Z"}
{"tool": "create_ellipse", "event": "tool.register", "logger": "src.tools.registry", "level": "info", "timestamp": "2026-08-26T20:54:45.349623Z"}
{"tool": "create_ellipse_arc", "event": "tool.register", "logger": "src.tools.registry", "level": "info", "timestamp": "2026-08-26T20:54:45.349713Z"}
{"tool": "create_linear_dimension", "event": "tool.register", "logger": "src.tools.registry", "level": "info", "timestamp": "2026-08-26T20:54:45.349808Z"}
{"tool": "create_diameter_dimension", "event": "tool.register", "logger": "src.tools.registry", "level": "info", "timestamp": "2026-08-26T20:54:45.349899Z"}
{"tool": "create_radius_dimension", "event": "tool.register", "logger": "src.tools.registry", "level": "info", "timestamp": "2026-08-26T20:54:45.349989Z"}
{"tool": "dimension_between_objects", "event": "tool.register", "logger": "src.tools.registry", "level": "info", "timestamp": "2026-08-26T20:54:45.350105Z"}
{"tool": "auto_arrange_dimensions", "event": "tool.register", "logger": "src.tools.registry", "level": "info", "timestamp": "2026-08-26T20:54:45.350209Z"}
{"tool": "create_ordinate_dimension", "event": "tool.register", "logger": "src.tools.registry", "level": "info", "timestamp": "2026-08-26T20:54:45.350306Z"}
{"tool": "export_to_json", "event": "tool.register", "logger": "src.tools.registry", "level": "info", "timestamp": "2026-08-26T20:54:45.350469Z"}
{"tool": "list_objects", "event": "tool.register", "logger": "src.tools.registry", "level": "info", "timestamp": "2026-08-26T20:54:45.350610Z"}
{"tool": "get_object_info", "event": "tool.register", "logger": "src.tools.registry", "level": "info", "timestamp": "2026-08-26T20:54:45.350706Z"}
{"tool": "find_object_by_point", "event": "tool.register", "logger": "src.tools.registry", "level": "info", "timestamp": "2026-08-26T20:54:45.350788Z"}
{"tool": "delete_object", "event": "tool.register", "logger": "src.tools.registry", "level": "info", "timestamp": "2026-08-26T20:54:45.350871Z"}
{"tool": "move_object", "event": "tool.register", "logger": "src.tools.registry", "level": "info", "timestamp": "2026-08-26T20:54:45.350952Z"}
{"tool": "transform_object", "event": "tool.register", "logger": "src.tools.registry", "level": "info", "timestamp": "2026-08-26T20:54:45.351036Z"}
{"tool": "symmetry_object", "event": "tool.register", "logger": "src.tools.registry", "level": "info", "timestamp": "2026-08-26T20:54:45.351123Z"}
{"tool": "update_circle", "event": "tool.register", "logger": "src.tools.registry", "level": "info", "timestamp": "2026-08-26T20:54:45.351211Z"}
{"tool": "update_line", "event": "tool.register", "logger": "src.tools.registry", "level": "info", "timestamp": "2026-08-26T20:54:45.351297Z"}
{"tool": "measure_distance", "event": "tool.register", "logger": "src.tools.registry", "level": "info", "timestamp": "2026-08-26T20:54:45.351392Z"}
{"tool": "measure_length", "event": "tool.register", "logger": "src.tools.registry", "level": "info", "timestamp": "2026-08-26T20:54:45.351478Z"}
{"tool": "measure_angle", "event": "tool.register", "logger": "src.tools.registry", "level": "info", "timestamp": "2026-08-26T20:54:45.351557Z"}
{"tool": "measure_area", "event": "tool.register", "logger": "src.tools.registry", "level": "info", "timestamp": "2026-08-26T20:54:45.351635Z"}
{"tool": "check_intersection", "event": "tool.register", "logger": "src.tools.registry", "level": "info", "timestamp": "2026-08-26T20:54:45.351713Z"}
{"tool": "save_document", "event": "tool.register", "logger": "src.tools.registry", "level": "info", "timestamp": "2026-08-26T20:54:45.351789Z"}
{"tool": "export_to_dxf", "event": "tool.register", "logger": "src.tools.registry", "level": "info", "timestamp": "2026-08-26T20:54:45.351860Z"}
{"tool": "open_document", "event": "tool.register", "logger": "src.tools.registry", "level": "info", "timestamp": "2026-08-26T20:54:45.351932Z"}
{"tool": "create_document", "event": "tool.register", "logger": "src.tools.registry", "level": "info", "timestamp": "2026-08-26T20:54:45.352047Z"}
{"tool": "list_open_documents", "event": "tool.register", "logger": "src.tools.registry", "level": "info", "timestamp": "2026-08-26T20:54:45.352156Z"}
{"tool": "get_active_document", "event": "tool.register", "logger": "src.tools.registry", "level": "info", "timestamp": "2026-08-26T20:54:45.352252Z"}
{"tool": "activate_document", "event": "tool.register", "logger": "src.tools.registry", "level": "info", "timestamp": "2026-08-26T20:54:45.352358Z"}
{"tool": "close_document", "event": "tool.register", "logger": "src.tools.registry", "level": "info", "timestamp": "2026-08-26T20:54:45.352463Z"}
{"tool": "close_all_documents", "event": "tool.register", "logger": "src.tools.registry", "level": "info", "timestamp": "2026-08-26T20:54:45.352561Z"}
{"tool": "close_all_except_documents", "event": "tool.register", "logger": "src.tools.registry", "level": "info", "timestamp": "2026-08-26T20:54:45.352657Z"}
{"tool": "create_standard_sheet", "event": "tool.register", "logger": "src.tools.registry", "level": "info", "timestamp": "2026-08-26T20:54:45.352770Z"}
{"tool": "checkpoint_create", "event": "tool.register", "logger": "src.tools.registry", "level": "info", "timestamp": "2026-08-26T20:54:45.353280Z"}
{"tool": "checkpoint_restore", "event": "tool.register", "logger": "src.tools.registry", "level": "info", "timestamp": "2026-08-26T20:54:45.353954Z"}
{"tool": "begin_transaction", "event": "tool.register", "logger": "src.tools.registry", "level": "info", "timestamp": "2026-08-26T20:54:45.354356Z"}
{"tool": "commit_transaction", "event": "tool.register", "logger": "src.tools.registry", "level": "info", "timestamp": "2026-08-26T20:54:45.354748Z"}
{"tool": "rollback_transaction", "event": "tool.register", "logger": "src.tools.registry", "level": "info", "timestamp": "2026-08-26T20:54:45.355130Z"}
{"tool": "get_active_context", "event": "tool.register", "logger": "src.tools.registry", "level": "info", "timestamp": "2026-08-26T20:54:45.355222Z"}
{"tool": "set_active_context", "event": "tool.register", "logger": "src.tools.registry", "level": "info", "timestamp": "2026-08-26T20:54:45.355315Z"}
{"tool": "set_active_view", "event": "tool.register", "logger": "src.tools.registry", "level": "info", "timestamp": "2026-08-26T20:54:45.355398Z"}
{"tool": "create_view", "event": "tool.register", "logger": "src.tools.registry", "level": "info", "timestamp": "2026-08-26T20:54:45.355478Z"}
{"tool": "create_view_layout", "event": "tool.register", "logger": "src.tools.registry", "level": "info", "timestamp": "2026-08-26T20:54:45.355567Z"}
{"tool": "move_view", "event": "tool.register", "logger": "src.tools.registry", "level": "info", "timestamp": "2026-08-26T20:54:45.355657Z"}
{"tool": "validate_drawing_layout", "event": "tool.register", "logger": "src.tools.registry", "level": "info", "timestamp": "2026-08-26T20:54:45.355747Z"}
{"tool": "fill_drawing_stamp", "event": "tool.register", "logger": "src.tools.registry", "level": "info", "timestamp": "2026-08-26T20:54:45.355847Z"}
{"tool": "create_drawing_table", "event": "tool.register", "logger": "src.tools.registry", "level": "info", "timestamp": "2026-08-26T20:54:45.355952Z"}
{"tool": "create_parts_table", "event": "tool.register", "logger": "src.tools.registry", "level": "info", "timestamp": "2026-08-26T20:54:45.356044Z"}
{"tool": "read_drawing_table", "event": "tool.register", "logger": "src.tools.registry", "level": "info", "timestamp": "2026-08-26T20:54:45.356128Z"}
{"tool": "update_drawing_table", "event": "tool.register", "logger": "src.tools.registry", "level": "info", "timestamp": "2026-08-26T20:54:45.356208Z"}
{"tool": "write_csv_artifact", "event": "tool.register", "logger": "src.tools.registry", "level": "info", "timestamp": "2026-08-26T20:54:45.356291Z"}
{"tool": "create_position_leader", "event": "tool.register", "logger": "src.tools.registry", "level": "info", "timestamp": "2026-08-26T20:54:45.356386Z"}
{"tool": "arrange_position_leaders", "event": "tool.register", "logger": "src.tools.registry", "level": "info", "timestamp": "2026-08-26T20:54:45.356477Z"}
{"tool": "probe_drawing_stamp_cells", "event": "tool.register", "logger": "src.tools.registry", "level": "info", "timestamp": "2026-08-26T20:54:45.356690Z"}
{"tool": "fill_title_block", "event": "tool.register", "logger": "src.tools.registry", "level": "info", "timestamp": "2026-08-26T20:54:45.356876Z"}
{"tool": "insert_raster_image", "event": "tool.register", "logger": "src.tools.registry", "level": "info", "timestamp": "2026-08-26T20:54:45.357013Z"}
{"tool": "create_color_view_raster", "event": "tool.register", "logger": "src.tools.registry", "level": "info", "timestamp": "2026-08-26T20:54:45.357131Z"}
{"tool": "screenshot_document", "event": "tool.register", "logger": "src.tools.registry", "level": "info", "timestamp": "2026-08-26T20:54:45.357255Z"}
{"tool": "create_layer", "event": "tool.register", "logger": "src.tools.registry", "level": "info", "timestamp": "2026-08-26T20:54:45.357344Z"}
{"tool": "set_active_layer", "event": "tool.register", "logger": "src.tools.registry", "level": "info", "timestamp": "2026-08-26T20:54:45.357423Z"}
{"tool": "set_object_layer", "event": "tool.register", "logger": "src.tools.registry", "level": "info", "timestamp": "2026-08-26T20:54:45.357500Z"}
{"tool": "create_text", "event": "tool.register", "logger": "src.tools.registry", "level": "info", "timestamp": "2026-08-26T20:54:45.357587Z"}
{"tool": "batch_execute", "event": "tool.register", "logger": "src.tools.registry", "level": "info", "timestamp": "2026-08-26T20:54:45.357715Z"}
{"tool": "execute_python_script", "event": "tool.register", "logger": "src.tools.registry", "level": "info", "timestamp": "2026-08-26T20:54:45.357797Z"}
{"tool": "execute_geometry_script", "event": "tool.register", "logger": "src.tools.registry", "level": "info", "timestamp": "2026-08-26T20:54:45.357897Z"}
{"tool": "execute_tdcad_script", "event": "tool.register", "logger": "src.tools.registry", "level": "info", "timestamp": "2026-08-26T20:54:45.357987Z"}
{"tool": "calculate_model_math", "event": "tool.register", "logger": "src.tools.registry", "level": "info", "timestamp": "2026-08-26T20:54:45.358074Z"}
{"tool": "measure_model_properties", "event": "tool.register", "logger": "src.tools.registry", "level": "info", "timestamp": "2026-08-26T20:54:45.358172Z"}
{"tool": "solve_model_goal", "event": "tool.register", "logger": "src.tools.registry", "level": "info", "timestamp": "2026-08-26T20:54:45.358265Z"}
{"tool": "describe_tool", "event": "tool.register", "logger": "src.tools.registry", "level": "info", "timestamp": "2026-08-26T20:54:45.358346Z"}
{"tool": "get_environment", "event": "tool.register", "logger": "src.tools.registry", "level": "info", "timestamp": "2026-08-26T20:54:45.358417Z"}
{"tool": "get_state_summary", "event": "tool.register", "logger": "src.tools.registry", "level": "info", "timestamp": "2026-08-26T20:54:45.358490Z"}
{"tool": "get_geometry_digest", "event": "tool.register", "logger": "src.tools.registry", "level": "info", "timestamp": "2026-08-26T20:54:45.358562Z"}
{"tool": "snapshot_state", "event": "tool.register", "logger": "src.tools.registry", "level": "info", "timestamp": "2026-08-26T20:54:45.358858Z"}
{"tool": "search_kompas_api_graph", "event": "tool.register", "logger": "src.tools.registry", "level": "info", "timestamp": "2026-08-26T20:54:45.358961Z"}
{"tool": "get_kompas_api_symbol", "event": "tool.register", "logger": "src.tools.registry", "level": "info", "timestamp": "2026-08-26T20:54:45.359046Z"}
{"tool": "list_kompas_api_transitions", "event": "tool.register", "logger": "src.tools.registry", "level": "info", "timestamp": "2026-08-26T20:54:45.359131Z"}
{"tool": "find_kompas_api_capability", "event": "tool.register", "logger": "src.tools.registry", "level": "info", "timestamp": "2026-08-26T20:54:45.359214Z"}
{"tool": "validate_kompas_api_capability", "event": "tool.register", "logger": "src.tools.registry", "level": "info", "timestamp": "2026-08-26T20:54:45.359307Z"}
{"tool": "preflight_context", "event": "tool.register", "logger": "src.tools.registry", "level": "info", "timestamp": "2026-08-26T20:54:45.359390Z"}
{"tool": "safe_feature_create", "event": "tool.register", "logger": "src.tools.registry", "level": "info", "timestamp": "2026-08-26T20:54:45.359657Z"}
{"tool": "resolve_selection", "event": "tool.register", "logger": "src.tools.registry", "level": "info", "timestamp": "2026-08-26T20:54:45.359764Z"}
{"tool": "resolve_selection_3d", "event": "tool.register", "logger": "src.tools.registry", "level": "info", "timestamp": "2026-08-26T20:54:45.359855Z"}
{"tool": "snapshot_diff", "event": "tool.register", "logger": "src.tools.registry", "level": "info", "timestamp": "2026-08-26T20:54:45.360116Z"}
{"tool": "validation_inspect", "event": "tool.register", "logger": "src.tools.registry", "level": "info", "timestamp": "2026-08-26T20:54:45.360392Z"}
{"tool": "repair_attempt", "event": "tool.register", "logger": "src.tools.registry", "level": "info", "timestamp": "2026-08-26T20:54:45.360495Z"}
{"tool": "runtime_memory", "event": "tool.register", "logger": "src.tools.registry", "level": "info", "timestamp": "2026-08-26T20:54:45.360588Z"}
{"tool": "create_change_container", "event": "tool.register", "logger": "src.tools.registry", "level": "info", "timestamp": "2026-08-26T20:54:45.361003Z"}
{"tool": "list_change_containers", "event": "tool.register", "logger": "src.tools.registry", "level": "info", "timestamp": "2026-08-26T20:54:45.361389Z"}
{"tool": "activate_change_container", "event": "tool.register", "logger": "src.tools.registry", "level": "info", "timestamp": "2026-08-26T20:54:45.361792Z"}
{"tool": "checkpoint_change_container", "event": "tool.register", "logger": "src.tools.registry", "level": "info", "timestamp": "2026-08-26T20:54:45.362160Z"}
{"tool": "restore_change_container_checkpoint", "event": "tool.register", "logger": "src.tools.registry", "level": "info", "timestamp": "2026-08-26T20:54:45.362530Z"}
{"tool": "discard_change_container", "event": "tool.register", "logger": "src.tools.registry", "level": "info", "timestamp": "2026-08-26T20:54:45.362896Z"}
{"tool": "promote_change_container", "event": "tool.register", "logger": "src.tools.registry", "level": "info", "timestamp": "2026-08-26T20:54:45.363260Z"}
{"tool": "diff_change_containers", "event": "tool.register", "logger": "src.tools.registry", "level": "info", "timestamp": "2026-08-26T20:54:45.363779Z"}
{"tool": "scenario_runner", "event": "tool.register", "logger": "src.tools.registry", "level": "info", "timestamp": "2026-08-26T20:54:45.363878Z"}
{"tool": "verify_geometry", "event": "tool.register", "logger": "src.tools.registry", "level": "info", "timestamp": "2026-08-26T20:54:45.363975Z"}
{"tool": "list_script_helpers", "event": "tool.register", "logger": "src.tools.registry", "level": "info", "timestamp": "2026-08-26T20:54:45.364063Z"}
{"tool": "execute_kompas_command", "event": "tool.register", "logger": "src.tools.registry", "level": "info", "timestamp": "2026-08-26T20:54:45.364141Z"}
{"tool": "attach_kompas_library", "event": "tool.register", "logger": "src.tools.registry", "level": "info", "timestamp": "2026-08-26T20:54:45.364216Z"}
{"tool": "detach_kompas_library", "event": "tool.register", "logger": "src.tools.registry", "level": "info", "timestamp": "2026-08-26T20:54:45.364289Z"}
{"tool": "execute_kompas_library_command", "event": "tool.register", "logger": "src.tools.registry", "level": "info", "timestamp": "2026-08-26T20:54:45.364361Z"}
{"tool": "execute_kompas_library_command_ex", "event": "tool.register", "logger": "src.tools.registry", "level": "info", "timestamp": "2026-08-26T20:54:45.364438Z"}
{"tool": "execute_library_command_by_path", "event": "tool.register", "logger": "src.tools.registry", "level": "info", "timestamp": "2026-08-26T20:54:45.364512Z"}
{"tool": "list_procedure_libraries", "event": "tool.register", "logger": "src.tools.registry", "level": "info", "timestamp": "2026-08-26T20:54:45.364589Z"}
{"tool": "list_procedure_library_commands", "event": "tool.register", "logger": "src.tools.registry", "level": "info", "timestamp": "2026-08-26T20:54:45.364662Z"}
{"tool": "create_document_3d", "event": "tool.register", "logger": "src.tools.registry", "level": "info", "timestamp": "2026-08-26T20:54:45.364914Z"}
{"tool": "get_3d_context", "event": "tool.register", "logger": "src.tools.registry", "level": "info", "timestamp": "2026-08-26T20:54:45.365177Z"}
{"tool": "set_part_properties_3d", "event": "tool.register", "logger": "src.tools.registry", "level": "info", "timestamp": "2026-08-26T20:54:45.365432Z"}
{"tool": "save_document_3d", "event": "tool.register", "logger": "src.tools.registry", "level": "info", "timestamp": "2026-08-26T20:54:45.365693Z"}
{"tool": "set_3d_view", "event": "tool.register", "logger": "src.tools.registry", "level": "info", "timestamp": "2026-08-26T20:54:45.365954Z"}
{"tool": "rebuild_model_3d", "event": "tool.register", "logger": "src.tools.registry", "level": "info", "timestamp": "2026-08-26T20:54:45.366213Z"}
{"tool": "list_default_entities_3d", "event": "tool.register", "logger": "src.tools.registry", "level": "info", "timestamp": "2026-08-26T20:54:45.366473Z"}
{"tool": "list_bodies_3d", "event": "tool.register", "logger": "src.tools.registry", "level": "info", "timestamp": "2026-08-26T20:54:45.366734Z"}
{"tool": "set_body_properties_3d", "event": "tool.register", "logger": "src.tools.registry", "level": "info", "timestamp": "2026-08-26T20:54:45.367262Z"}
{"tool": "set_body_appearance_3d", "event": "tool.register", "logger": "src.tools.registry", "level": "info", "timestamp": "2026-08-26T20:54:45.367540Z"}
{"tool": "extract_multibody_parts_table", "event": "tool.register", "logger": "src.tools.registry", "level": "info", "timestamp": "2026-08-26T20:54:45.367807Z"}
{"tool": "list_faces_3d", "event": "tool.register", "logger": "src.tools.registry", "level": "info", "timestamp": "2026-08-26T20:54:45.368066Z"}
{"tool": "list_edges_3d", "event": "tool.register", "logger": "src.tools.registry", "level": "info", "timestamp": "2026-08-26T20:54:45.368325Z"}
{"tool": "get_topology_summary_3d", "event": "tool.register", "logger": "src.tools.registry", "level": "info", "timestamp": "2026-08-26T20:54:45.368585Z"}
{"tool": "create_offset_plane_3d", "event": "tool.register", "logger": "src.tools.registry", "level": "info", "timestamp": "2026-08-26T20:54:45.368844Z"}
{"tool": "create_sketch_3d", "event": "tool.register", "logger": "src.tools.registry", "level": "info", "timestamp": "2026-08-26T20:54:45.369105Z"}
{"tool": "update_sketch_3d", "event": "tool.register", "logger": "src.tools.registry", "level": "info", "timestamp": "2026-08-26T20:54:45.369468Z"}
{"tool": "close_sketch_3d", "event": "tool.register", "logger": "src.tools.registry", "level": "info", "timestamp": "2026-08-26T20:54:45.369805Z"}
{"tool": "create_revolve_boss_3d", "event": "tool.register", "logger": "src.tools.registry", "level": "info", "timestamp": "2026-08-26T20:54:45.370062Z"}
{"tool": "create_edge_fillet_3d", "event": "tool.register", "logger": "src.tools.registry", "level": "info", "timestamp": "2026-08-26T20:54:45.370316Z"}
{"tool": "create_edge_chamfer_3d", "event": "tool.register", "logger": "src.tools.registry", "level": "info", "timestamp": "2026-08-26T20:54:45.370570Z"}
{"tool": "create_extrude_boss_3d", "event": "tool.register", "logger": "src.tools.registry", "level": "info", "timestamp": "2026-08-26T20:54:45.370838Z"}
{"tool": "create_extrude_cut_3d", "event": "tool.register", "logger": "src.tools.registry", "level": "info", "timestamp": "2026-08-26T20:54:45.371106Z"}
{"tool": "create_cylindrical_helix_3d", "event": "tool.register", "logger": "src.tools.registry", "level": "info", "timestamp": "2026-08-26T20:54:45.371367Z"}
{"tool": "create_sweep_cut_3d", "event": "tool.register", "logger": "src.tools.registry", "level": "info", "timestamp": "2026-08-26T20:54:45.371629Z"}
{"tool": "create_circular_pattern_3d", "event": "tool.register", "logger": "src.tools.registry", "level": "info", "timestamp": "2026-08-26T20:54:45.371889Z"}
{"tool": "create_linear_pattern_3d", "event": "tool.register", "logger": "src.tools.registry", "level": "info", "timestamp": "2026-08-26T20:54:45.372146Z"}
{"tool": "create_sweep_boss_3d", "event": "tool.register", "logger": "src.tools.registry", "level": "info", "timestamp": "2026-08-26T20:54:45.372402Z"}
{"tool": "create_loft_boss_3d", "event": "tool.register", "logger": "src.tools.registry", "level": "info", "timestamp": "2026-08-26T20:54:45.372654Z"}
{"tool": "create_loft_cut_3d", "event": "tool.register", "logger": "src.tools.registry", "level": "info", "timestamp": "2026-08-26T20:54:45.372904Z"}
{"tool": "create_shell_3d", "event": "tool.register", "logger": "src.tools.registry", "level": "info", "timestamp": "2026-08-26T20:54:45.373157Z"}
{"tool": "create_draft_3d", "event": "tool.register", "logger": "src.tools.registry", "level": "info", "timestamp": "2026-08-26T20:54:45.373410Z"}
{"tool": "create_rib_3d", "event": "tool.register", "logger": "src.tools.registry", "level": "info", "timestamp": "2026-08-26T20:54:45.373666Z"}
{"tool": "list_feature_tree_3d", "event": "tool.register", "logger": "src.tools.registry", "level": "info", "timestamp": "2026-08-26T20:54:45.373914Z"}
{"tool": "get_feature_info_3d", "event": "tool.register", "logger": "src.tools.registry", "level": "info", "timestamp": "2026-08-26T20:54:45.374160Z"}
{"tool": "update_feature_3d", "event": "tool.register", "logger": "src.tools.registry", "level": "info", "timestamp": "2026-08-26T20:54:45.374409Z"}
{"tool": "suppress_feature_3d", "event": "tool.register", "logger": "src.tools.registry", "level": "info", "timestamp": "2026-08-26T20:54:45.374660Z"}
HTTP Request: GET https://kompasmcp.ru/client/policy "HTTP/1.1 200 OK"
{"event": "local_authorized_server.initialize.success", "logger": "src.launcher.local_authorized_server", "level": "info", "timestamp": "2026-08-26T20:54:45.913794Z"}
Processing request of type ListToolsRequest
{"event": "local_authorized_server.initialize.start", "logger": "src.launcher.local_authorized_server", "level": "info", "timestamp": "2026-08-26T20:55:11.964366Z"}
{"worker": "COM", "event": "com_worker.thread.start", "logger": "src.kompas.com_worker", "level": "info", "timestamp": "2026-08-26T20:55:11.964858Z"}
{"event": "kompas.initialize.start", "logger": "src.kompas.connection", "level": "info", "timestamp": "2026-08-26T20:55:11.965059Z"}
{"dispatch": "Kompas.Application.7", "visible": false, "event": "kompas.dispatch.candidate", "logger": "src.kompas.connection", "level": "info", "timestamp": "2026-08-26T20:55:12.059924Z"}
{"dispatch": "Kompas.Application.5", "visible": false, "event": "kompas.dispatch.candidate", "logger": "src.kompas.connection", "level": "info", "timestamp": "2026-08-26T20:55:12.061169Z"}
{"dispatch": "Kompas.Application.7", "event": "kompas.dispatch.selected", "logger": "src.kompas.connection", "level": "info", "timestamp": "2026-08-26T20:55:12.061344Z"}
{"dispatch": "Kompas.Application.5", "wrapper": "KompasObject", "error": "(-2147467262, '\u0418\u043d\u0442\u0435\u0440\u0444\u0435\u0439\u0441 \u043d\u0435 \u043f\u043e\u0434\u0434\u0435\u0440\u0436\u0438\u0432\u0430\u0435\u0442\u0441\u044f', None, None)", "event": "kompas.dispatch.query_interface_failed", "logger": "src.kompas.connection", "level": "warning", "timestamp": "2026-08-26T20:55:12.062499Z"}
{"event": "kompas.initialize.success", "logger": "src.kompas.connection", "level": "info", "timestamp": "2026-08-26T20:55:12.065861Z"}
{"tool": "create_line", "event": "tool.register", "logger": "src.tools.registry", "level": "info", "timestamp": "2026-08-26T20:55:12.066211Z"}
{"tool": "create_polyline", "event": "tool.register", "logger": "src.tools.registry", "level": "info", "timestamp": "2026-08-26T20:55:12.066400Z"}
{"tool": "create_infinite_line", "event": "tool.register", "logger": "src.tools.registry", "level": "info", "timestamp": "2026-08-26T20:55:12.066507Z"}
{"tool": "create_circle", "event": "tool.register", "logger": "src.tools.registry", "level": "info", "timestamp": "2026-08-26T20:55:12.066617Z"}
{"tool": "create_arc", "event": "tool.register", "logger": "src.tools.registry", "level": "info", "timestamp": "2026-08-26T20:55:12.066727Z"}
{"tool": "create_angle_dimension", "event": "tool.register", "logger": "src.tools.registry", "level": "info", "timestamp": "2026-08-26T20:55:12.066844Z"}
{"tool": "create_arc_by_three_points", "event": "tool.register", "logger": "src.tools.registry", "level": "info", "timestamp": "2026-08-26T20:55:12.066961Z"}
{"tool": "create_point", "event": "tool.register", "logger": "src.tools.registry", "level": "info", "timestamp": "2026-08-26T20:55:12.067057Z"}
{"tool": "create_rectangle", "event": "tool.register", "logger": "src.tools.registry", "level": "info", "timestamp": "2026-08-26T20:55:12.067155Z"}
{"tool": "create_regular_polygon", "event": "tool.register", "logger": "src.tools.registry", "level": "info", "timestamp": "2026-08-26T20:55:12.067249Z"}
{"tool": "create_chamfer", "event": "tool.register", "logger": "src.tools.registry", "level": "info", "timestamp": "2026-08-26T20:55:12.067350Z"}
{"tool": "create_fillet", "event": "tool.register", "logger": "src.tools.registry", "level": "info", "timestamp": "2026-08-26T20:55:12.067440Z"}
{"tool": "create_ellipse", "event": "tool.register", "logger": "src.tools.registry", "level": "info", "timestamp": "2026-08-26T20:55:12.067530Z"}
{"tool": "create_ellipse_arc", "event": "tool.register", "logger": "src.tools.registry", "level": "info", "timestamp": "2026-08-26T20:55:12.067738Z"}
{"tool": "create_linear_dimension", "event": "tool.register", "logger": "src.tools.registry", "level": "info", "timestamp": "2026-08-26T20:55:12.068054Z"}
{"tool": "create_diameter_dimension", "event": "tool.register", "logger": "src.tools.registry", "level": "info", "timestamp": "2026-08-26T20:55:12.068252Z"}
{"tool": "create_radius_dimension", "event": "tool.register", "logger": "src.tools.registry", "level": "info", "timestamp": "2026-08-26T20:55:12.068398Z"}
{"tool": "dimension_between_objects", "event": "tool.register", "logger": "src.tools.registry", "level": "info", "timestamp": "2026-08-26T20:55:12.068566Z"}
{"tool": "auto_arrange_dimensions", "event": "tool.register", "logger": "src.tools.registry", "level": "info", "timestamp": "2026-08-26T20:55:12.068714Z"}
{"tool": "create_ordinate_dimension", "event": "tool.register", "logger": "src.tools.registry", "level": "info", "timestamp": "2026-08-26T20:55:12.068852Z"}
{"tool": "export_to_json", "event": "tool.register", "logger": "src.tools.registry", "level": "info", "timestamp": "2026-08-26T20:55:12.069079Z"}
{"tool": "list_objects", "event": "tool.register", "logger": "src.tools.registry", "level": "info", "timestamp": "2026-08-26T20:55:12.069278Z"}
{"tool": "get_object_info", "event": "tool.register", "logger": "src.tools.registry", "level": "info", "timestamp": "2026-08-26T20:55:12.069401Z"}
{"tool": "find_object_by_point", "event": "tool.register", "logger": "src.tools.registry", "level": "info", "timestamp": "2026-08-26T20:55:12.069507Z"}
{"tool": "delete_object", "event": "tool.register", "logger": "src.tools.registry", "level": "info", "timestamp": "2026-08-26T20:55:12.069619Z"}
{"tool": "move_object", "event": "tool.register", "logger": "src.tools.registry", "level": "info", "timestamp": "2026-08-26T20:55:12.069724Z"}
{"tool": "transform_object", "event": "tool.register", "logger": "src.tools.registry", "level": "info", "timestamp": "2026-08-26T20:55:12.069832Z"}
{"tool": "symmetry_object", "event": "tool.register", "logger": "src.tools.registry", "level": "info", "timestamp": "2026-08-26T20:55:12.069945Z"}
{"tool": "update_circle", "event": "tool.register", "logger": "src.tools.registry", "level": "info", "timestamp": "2026-08-26T20:55:12.070058Z"}
{"tool": "update_line", "event": "tool.register", "logger": "src.tools.registry", "level": "info", "timestamp": "2026-08-26T20:55:12.070169Z"}
{"tool": "measure_distance", "event": "tool.register", "logger": "src.tools.registry", "level": "info", "timestamp": "2026-08-26T20:55:12.070296Z"}
{"tool": "measure_length", "event": "tool.register", "logger": "src.tools.registry", "level": "info", "timestamp": "2026-08-26T20:55:12.070404Z"}
{"tool": "measure_angle", "event": "tool.register", "logger": "src.tools.registry", "level": "info", "timestamp": "2026-08-26T20:55:12.070505Z"}
{"tool": "measure_area", "event": "tool.register", "logger": "src.tools.registry", "level": "info", "timestamp": "2026-08-26T20:55:12.070606Z"}
{"tool": "check_intersection", "event": "tool.register", "logger": "src.tools.registry", "level": "info", "timestamp": "2026-08-26T20:55:12.070697Z"}
{"tool": "save_document", "event": "tool.register", "logger": "src.tools.registry", "level": "info", "timestamp": "2026-08-26T20:55:12.070778Z"}
{"tool": "export_to_dxf", "event": "tool.register", "logger": "src.tools.registry", "level": "info", "timestamp": "2026-08-26T20:55:12.070850Z"}
{"tool": "open_document", "event": "tool.register", "logger": "src.tools.registry", "level": "info", "timestamp": "2026-08-26T20:55:12.070922Z"}
{"tool": "create_document", "event": "tool.register", "logger": "src.tools.registry", "level": "info", "timestamp": "2026-08-26T20:55:12.071002Z"}
{"tool": "list_open_documents", "event": "tool.register", "logger": "src.tools.registry", "level": "info", "timestamp": "2026-08-26T20:55:12.071084Z"}
{"tool": "get_active_document", "event": "tool.register", "logger": "src.tools.registry", "level": "info", "timestamp": "2026-08-26T20:55:12.071157Z"}
{"tool": "activate_document", "event": "tool.register", "logger": "src.tools.registry", "level": "info", "timestamp": "2026-08-26T20:55:12.071240Z"}
{"tool": "close_document", "event": "tool.register", "logger": "src.tools.registry", "level": "info", "timestamp": "2026-08-26T20:55:12.071362Z"}
{"tool": "close_all_documents", "event": "tool.register", "logger": "src.tools.registry", "level": "info", "timestamp": "2026-08-26T20:55:12.071447Z"}
{"tool": "close_all_except_documents", "event": "tool.register", "logger": "src.tools.registry", "level": "info", "timestamp": "2026-08-26T20:55:12.071525Z"}
{"tool": "create_standard_sheet", "event": "tool.register", "logger": "src.tools.registry", "level": "info", "timestamp": "2026-08-26T20:55:12.071679Z"}
{"tool": "checkpoint_create", "event": "tool.register", "logger": "src.tools.registry", "level": "info", "timestamp": "2026-08-26T20:55:12.072272Z"}
{"tool": "checkpoint_restore", "event": "tool.register", "logger": "src.tools.registry", "level": "info", "timestamp": "2026-08-26T20:55:12.073024Z"}
{"tool": "begin_transaction", "event": "tool.register", "logger": "src.tools.registry", "level": "info", "timestamp": "2026-08-26T20:55:12.073450Z"}
{"tool": "commit_transaction", "event": "tool.register", "logger": "src.tools.registry", "level": "info", "timestamp": "2026-08-26T20:55:12.073861Z"}
{"tool": "rollback_transaction", "event": "tool.register", "logger": "src.tools.registry", "level": "info", "timestamp": "2026-08-26T20:55:12.074329Z"}
{"tool": "get_active_context", "event": "tool.register", "logger": "src.tools.registry", "level": "info", "timestamp": "2026-08-26T20:55:12.074435Z"}
{"tool": "set_active_context", "event": "tool.register", "logger": "src.tools.registry", "level": "info", "timestamp": "2026-08-26T20:55:12.074535Z"}
{"tool": "set_active_view", "event": "tool.register", "logger": "src.tools.registry", "level": "info", "timestamp": "2026-08-26T20:55:12.074622Z"}
{"tool": "create_view", "event": "tool.register", "logger": "src.tools.registry", "level": "info", "timestamp": "2026-08-26T20:55:12.074705Z"}
{"tool": "create_view_layout", "event": "tool.register", "logger": "src.tools.registry", "level": "info", "timestamp": "2026-08-26T20:55:12.074805Z"}
{"tool": "move_view", "event": "tool.register", "logger": "src.tools.registry", "level": "info", "timestamp": "2026-08-26T20:55:12.074901Z"}
{"tool": "validate_drawing_layout", "event": "tool.register", "logger": "src.tools.registry", "level": "info", "timestamp": "2026-08-26T20:55:12.074995Z"}
{"tool": "fill_drawing_stamp", "event": "tool.register", "logger": "src.tools.registry", "level": "info", "timestamp": "2026-08-26T20:55:12.075100Z"}
{"tool": "create_drawing_table", "event": "tool.register", "logger": "src.tools.registry", "level": "info", "timestamp": "2026-08-26T20:55:12.075212Z"}
{"tool": "create_parts_table", "event": "tool.register", "logger": "src.tools.registry", "level": "info", "timestamp": "2026-08-26T20:55:12.075307Z"}
{"tool": "read_drawing_table", "event": "tool.register", "logger": "src.tools.registry", "level": "info", "timestamp": "2026-08-26T20:55:12.075393Z"}
{"tool": "update_drawing_table", "event": "tool.register", "logger": "src.tools.registry", "level": "info", "timestamp": "2026-08-26T20:55:12.075475Z"}
{"tool": "write_csv_artifact", "event": "tool.register", "logger": "src.tools.registry", "level": "info", "timestamp": "2026-08-26T20:55:12.075559Z"}
{"tool": "create_position_leader", "event": "tool.register", "logger": "src.tools.registry", "level": "info", "timestamp": "2026-08-26T20:55:12.075655Z"}
{"tool": "arrange_position_leaders", "event": "tool.register", "logger": "src.tools.registry", "level": "info", "timestamp": "2026-08-26T20:55:12.075747Z"}
{"tool": "probe_drawing_stamp_cells", "event": "tool.register", "logger": "src.tools.registry", "level": "info", "timestamp": "2026-08-26T20:55:12.075850Z"}
{"tool": "fill_title_block", "event": "tool.register", "logger": "src.tools.registry", "level": "info", "timestamp": "2026-08-26T20:55:12.075959Z"}
{"tool": "insert_raster_image", "event": "tool.register", "logger": "src.tools.registry", "level": "info", "timestamp": "2026-08-26T20:55:12.076062Z"}
{"tool": "create_color_view_raster", "event": "tool.register", "logger": "src.tools.registry", "level": "info", "timestamp": "2026-08-26T20:55:12.076209Z"}
{"tool": "screenshot_document", "event": "tool.register", "logger": "src.tools.registry", "level": "info", "timestamp": "2026-08-26T20:55:12.076326Z"}
{"tool": "create_layer", "event": "tool.register", "logger": "src.tools.registry", "level": "info", "timestamp": "2026-08-26T20:55:12.076415Z"}
{"tool": "set_active_layer", "event": "tool.register", "logger": "src.tools.registry", "level": "info", "timestamp": "2026-08-26T20:55:12.076491Z"}
{"tool": "set_object_layer", "event": "tool.register", "logger": "src.tools.registry", "level": "info", "timestamp": "2026-08-26T20:55:12.076567Z"}
{"tool": "create_text", "event": "tool.register", "logger": "src.tools.registry", "level": "info", "timestamp": "2026-08-26T20:55:12.076652Z"}
{"tool": "batch_execute", "event": "tool.register", "logger": "src.tools.registry", "level": "info", "timestamp": "2026-08-26T20:55:12.076734Z"}
{"tool": "execute_python_script", "event": "tool.register", "logger": "src.tools.registry", "level": "info", "timestamp": "2026-08-26T20:55:12.076808Z"}
{"tool": "execute_geometry_script", "event": "tool.register", "logger": "src.tools.registry", "level": "info", "timestamp": "2026-08-26T20:55:12.076904Z"}
{"tool": "execute_tdcad_script", "event": "tool.register", "logger": "src.tools.registry", "level": "info", "timestamp": "2026-08-26T20:55:12.076996Z"}
{"tool": "calculate_model_math", "event": "tool.register", "logger": "src.tools.registry", "level": "info", "timestamp": "2026-08-26T20:55:12.077083Z"}
{"tool": "measure_model_properties", "event": "tool.register", "logger": "src.tools.registry", "level": "info", "timestamp": "2026-08-26T20:55:12.077179Z"}
{"tool": "solve_model_goal", "event": "tool.register", "logger": "src.tools.registry", "level": "info", "timestamp": "2026-08-26T20:55:12.077272Z"}
{"tool": "describe_tool", "event": "tool.register", "logger": "src.tools.registry", "level": "info", "timestamp": "2026-08-26T20:55:12.077357Z"}
{"tool": "get_environment", "event": "tool.register", "logger": "src.tools.registry", "level": "info", "timestamp": "2026-08-26T20:55:12.077432Z"}
{"tool": "get_state_summary", "event": "tool.register", "logger": "src.tools.registry", "level": "info", "timestamp": "2026-08-26T20:55:12.077507Z"}
{"tool": "get_geometry_digest", "event": "tool.register", "logger": "src.tools.registry", "level": "info", "timestamp": "2026-08-26T20:55:12.077582Z"}
{"tool": "snapshot_state", "event": "tool.register", "logger": "src.tools.registry", "level": "info", "timestamp": "2026-08-26T20:55:12.077866Z"}
{"tool": "search_kompas_api_graph", "event": "tool.register", "logger": "src.tools.registry", "level": "info", "timestamp": "2026-08-26T20:55:12.077975Z"}
{"tool": "get_kompas_api_symbol", "event": "tool.register", "logger": "src.tools.registry", "level": "info", "timestamp": "2026-08-26T20:55:12.078063Z"}
{"tool": "list_kompas_api_transitions", "event": "tool.register", "logger": "src.tools.registry", "level": "info", "timestamp": "2026-08-26T20:55:12.078152Z"}
{"tool": "find_kompas_api_capability", "event": "tool.register", "logger": "src.tools.registry", "level": "info", "timestamp": "2026-08-26T20:55:12.078237Z"}
{"tool": "validate_kompas_api_capability", "event": "tool.register", "logger": "src.tools.registry", "level": "info", "timestamp": "2026-08-26T20:55:12.078335Z"}
{"tool": "preflight_context", "event": "tool.register", "logger": "src.tools.registry", "level": "info", "timestamp": "2026-08-26T20:55:12.078425Z"}
{"tool": "safe_feature_create", "event": "tool.register", "logger": "src.tools.registry", "level": "info", "timestamp": "2026-08-26T20:55:12.078706Z"}
{"tool": "resolve_selection", "event": "tool.register", "logger": "src.tools.registry", "level": "info", "timestamp": "2026-08-26T20:55:12.078819Z"}
{"tool": "resolve_selection_3d", "event": "tool.register", "logger": "src.tools.registry", "level": "info", "timestamp": "2026-08-26T20:55:12.078915Z"}
{"tool": "snapshot_diff", "event": "tool.register", "logger": "src.tools.registry", "level": "info", "timestamp": "2026-08-26T20:55:12.079259Z"}
{"tool": "validation_inspect", "event": "tool.register", "logger": "src.tools.registry", "level": "info", "timestamp": "2026-08-26T20:55:12.079566Z"}
{"tool": "repair_attempt", "event": "tool.register", "logger": "src.tools.registry", "level": "info", "timestamp": "2026-08-26T20:55:12.079677Z"}
{"tool": "runtime_memory", "event": "tool.register", "logger": "src.tools.registry", "level": "info", "timestamp": "2026-08-26T20:55:12.079774Z"}
{"tool": "create_change_container", "event": "tool.register", "logger": "src.tools.registry", "level": "info", "timestamp": "2026-08-26T20:55:12.080270Z"}
{"tool": "list_change_containers", "event": "tool.register", "logger": "src.tools.registry", "level": "info", "timestamp": "2026-08-26T20:55:12.080747Z"}
{"tool": "activate_change_container", "event": "tool.register", "logger": "src.tools.registry", "level": "info", "timestamp": "2026-08-26T20:55:12.081202Z"}
{"tool": "checkpoint_change_container", "event": "tool.register", "logger": "src.tools.registry", "level": "info", "timestamp": "2026-08-26T20:55:12.081641Z"}
{"tool": "restore_change_container_checkpoint", "event": "tool.register", "logger": "src.tools.registry", "level": "info", "timestamp": "2026-08-26T20:55:12.082080Z"}
{"tool": "discard_change_container", "event": "tool.register", "logger": "src.tools.registry", "level": "info", "timestamp": "2026-08-26T20:55:12.082527Z"}
{"tool": "promote_change_container", "event": "tool.register", "logger": "src.tools.registry", "level": "info", "timestamp": "2026-08-26T20:55:12.082934Z"}
{"tool": "diff_change_containers", "event": "tool.register", "logger": "src.tools.registry", "level": "info", "timestamp": "2026-08-26T20:55:12.083502Z"}
{"tool": "scenario_runner", "event": "tool.register", "logger": "src.tools.registry", "level": "info", "timestamp": "2026-08-26T20:55:12.083609Z"}
{"tool": "verify_geometry", "event": "tool.register", "logger": "src.tools.registry", "level": "info", "timestamp": "2026-08-26T20:55:12.083722Z"}
{"tool": "list_script_helpers", "event": "tool.register", "logger": "src.tools.registry", "level": "info", "timestamp": "2026-08-26T20:55:12.083814Z"}
{"tool": "execute_kompas_command", "event": "tool.register", "logger": "src.tools.registry", "level": "info", "timestamp": "2026-08-26T20:55:12.083896Z"}
{"tool": "attach_kompas_library", "event": "tool.register", "logger": "src.tools.registry", "level": "info", "timestamp": "2026-08-26T20:55:12.083975Z"}
{"tool": "detach_kompas_library", "event": "tool.register", "logger": "src.tools.registry", "level": "info", "timestamp": "2026-08-26T20:55:12.084052Z"}
{"tool": "execute_kompas_library_command", "event": "tool.register", "logger": "src.tools.registry", "level": "info", "timestamp": "2026-08-26T20:55:12.084132Z"}
{"tool": "execute_kompas_library_command_ex", "event": "tool.register", "logger": "src.tools.registry", "level": "info", "timestamp": "2026-08-26T20:55:12.084238Z"}
{"tool": "execute_library_command_by_path", "event": "tool.register", "logger": "src.tools.registry", "level": "info", "timestamp": "2026-08-26T20:55:12.084336Z"}
{"tool": "list_procedure_libraries", "event": "tool.register", "logger": "src.tools.registry", "level": "info", "timestamp": "2026-08-26T20:55:12.084440Z"}
{"tool": "list_procedure_library_commands", "event": "tool.register", "logger": "src.tools.registry", "level": "info", "timestamp": "2026-08-26T20:55:12.084539Z"}
{"tool": "create_document_3d", "event": "tool.register", "logger": "src.tools.registry", "level": "info", "timestamp": "2026-08-26T20:55:12.084898Z"}
{"tool": "get_3d_context", "event": "tool.register", "logger": "src.tools.registry", "level": "info", "timestamp": "2026-08-26T20:55:12.085242Z"}
{"tool": "set_part_properties_3d", "event": "tool.register", "logger": "src.tools.registry", "level": "info", "timestamp": "2026-08-26T20:55:12.085536Z"}
{"tool": "save_document_3d", "event": "tool.register", "logger": "src.tools.registry", "level": "info", "timestamp": "2026-08-26T20:55:12.085841Z"}
{"tool": "set_3d_view", "event": "tool.register", "logger": "src.tools.registry", "level": "info", "timestamp": "2026-08-26T20:55:12.086182Z"}
{"tool": "rebuild_model_3d", "event": "tool.register", "logger": "src.tools.registry", "level": "info", "timestamp": "2026-08-26T20:55:12.086607Z"}
{"tool": "list_default_entities_3d", "event": "tool.register", "logger": "src.tools.registry", "level": "info", "timestamp": "2026-08-26T20:55:12.087025Z"}
{"tool": "list_bodies_3d", "event": "tool.register", "logger": "src.tools.registry", "level": "info", "timestamp": "2026-08-26T20:55:12.087466Z"}
{"tool": "set_body_properties_3d", "event": "tool.register", "logger": "src.tools.registry", "level": "info", "timestamp": "2026-08-26T20:55:12.088310Z"}
{"tool": "set_body_appearance_3d", "event": "tool.register", "logger": "src.tools.registry", "level": "info", "timestamp": "2026-08-26T20:55:12.088640Z"}
{"tool": "extract_multibody_parts_table", "event": "tool.register", "logger": "src.tools.registry", "level": "info", "timestamp": "2026-08-26T20:55:12.088972Z"}
{"tool": "list_faces_3d", "event": "tool.register", "logger": "src.tools.registry", "level": "info", "timestamp": "2026-08-26T20:55:12.089288Z"}
{"tool": "list_edges_3d", "event": "tool.register", "logger": "src.tools.registry", "level": "info", "timestamp": "2026-08-26T20:55:12.089574Z"}
{"tool": "get_topology_summary_3d", "event": "tool.register", "logger": "src.tools.registry", "level": "info", "timestamp": "2026-08-26T20:55:12.089851Z"}
{"tool": "create_offset_plane_3d", "event": "tool.register", "logger": "src.tools.registry", "level": "info", "timestamp": "2026-08-26T20:55:12.090136Z"}
{"tool": "create_sketch_3d", "event": "tool.register", "logger": "src.tools.registry", "level": "info", "timestamp": "2026-08-26T20:55:12.090465Z"}
{"tool": "update_sketch_3d", "event": "tool.register", "logger": "src.tools.registry", "level": "info", "timestamp": "2026-08-26T20:55:12.090899Z"}
{"tool": "close_sketch_3d", "event": "tool.register", "logger": "src.tools.registry", "level": "info", "timestamp": "2026-08-26T20:55:12.091303Z"}
{"tool": "create_revolve_boss_3d", "event": "tool.register", "logger": "src.tools.registry", "level": "info", "timestamp": "2026-08-26T20:55:12.091603Z"}
{"tool": "create_edge_fillet_3d", "event": "tool.register", "logger": "src.tools.registry", "level": "info", "timestamp": "2026-08-26T20:55:12.091923Z"}
{"tool": "create_edge_chamfer_3d", "event": "tool.register", "logger": "src.tools.registry", "level": "info", "timestamp": "2026-08-26T20:55:12.092221Z"}
{"tool": "create_extrude_boss_3d", "event": "tool.register", "logger": "src.tools.registry", "level": "info", "timestamp": "2026-08-26T20:55:12.092536Z"}
{"tool": "create_extrude_cut_3d", "event": "tool.register", "logger": "src.tools.registry", "level": "info", "timestamp": "2026-08-26T20:55:12.092838Z"}
{"tool": "create_cylindrical_helix_3d", "event": "tool.register", "logger": "src.tools.registry", "level": "info", "timestamp": "2026-08-26T20:55:12.093143Z"}
{"tool": "create_sweep_cut_3d", "event": "tool.register", "logger": "src.tools.registry", "level": "info", "timestamp": "2026-08-26T20:55:12.093439Z"}
{"tool": "create_circular_pattern_3d", "event": "tool.register", "logger": "src.tools.registry", "level": "info", "timestamp": "2026-08-26T20:55:12.093758Z"}
{"tool": "create_linear_pattern_3d", "event": "tool.register", "logger": "src.tools.registry", "level": "info", "timestamp": "2026-08-26T20:55:12.094046Z"}
{"tool": "create_sweep_boss_3d", "event": "tool.register", "logger": "src.tools.registry", "level": "info", "timestamp": "2026-08-26T20:55:12.094338Z"}
{"tool": "create_loft_boss_3d", "event": "tool.register", "logger": "src.tools.registry", "level": "info", "timestamp": "2026-08-26T20:55:12.094612Z"}
{"tool": "create_loft_cut_3d", "event": "tool.register", "logger": "src.tools.registry", "level": "info", "timestamp": "2026-08-26T20:55:12.094881Z"}
{"tool": "create_shell_3d", "event": "tool.register", "logger": "src.tools.registry", "level": "info", "timestamp": "2026-08-26T20:55:12.095163Z"}
{"tool": "create_draft_3d", "event": "tool.register", "logger": "src.tools.registry", "level": "info", "timestamp": "2026-08-26T20:55:12.095437Z"}
{"tool": "create_rib_3d", "event": "tool.register", "logger": "src.tools.registry", "level": "info", "timestamp": "2026-08-26T20:55:12.095719Z"}
{"tool": "list_feature_tree_3d", "event": "tool.register", "logger": "src.tools.registry", "level": "info", "timestamp": "2026-08-26T20:55:12.096001Z"}
{"tool": "get_feature_info_3d", "event": "tool.register", "logger": "src.tools.registry", "level": "info", "timestamp": "2026-08-26T20:55:12.096272Z"}
{"tool": "update_feature_3d", "event": "tool.register", "logger": "src.tools.registry", "level": "info", "timestamp": "2026-08-26T20:55:12.096543Z"}
{"tool": "suppress_feature_3d", "event": "tool.register", "logger": "src.tools.registry", "level": "info", "timestamp": "2026-08-26T20:55:12.096822Z"}
{"event": "local_authorized_server.initialize.start", "logger": "src.launcher.local_authorized_server", "level": "info", "timestamp": "2026-08-26T20:55:12.148784Z"}
{"worker": "COM", "event": "com_worker.thread.start", "logger": "src.kompas.com_worker", "level": "info", "timestamp": "2026-08-26T20:55:12.149338Z"}
{"event": "kompas.initialize.start", "logger": "src.kompas.connection", "level": "info", "timestamp": "2026-08-26T20:55:12.149572Z"}
{"dispatch": "Kompas.Application.7", "visible": false, "event": "kompas.dispatch.candidate", "logger": "src.kompas.connection", "level": "info", "timestamp": "2026-08-26T20:55:12.223518Z"}
{"dispatch": "Kompas.Application.5", "visible": false, "event": "kompas.dispatch.candidate", "logger": "src.kompas.connection", "level": "info", "timestamp": "2026-08-26T20:55:12.224718Z"}
{"dispatch": "Kompas.Application.7", "event": "kompas.dispatch.selected", "logger": "src.kompas.connection", "level": "info", "timestamp": "2026-08-26T20:55:12.224884Z"}
{"dispatch": "Kompas.Application.5", "wrapper": "KompasObject", "error": "(-2147467262, '\u0418\u043d\u0442\u0435\u0440\u0444\u0435\u0439\u0441 \u043d\u0435 \u043f\u043e\u0434\u0434\u0435\u0440\u0436\u0438\u0432\u0430\u0435\u0442\u0441\u044f', None, None)", "event": "kompas.dispatch.query_interface_failed", "logger": "src.kompas.connection", "level": "warning", "timestamp": "2026-08-26T20:55:12.226517Z"}
{"event": "kompas.initialize.success", "logger": "src.kompas.connection", "level": "info", "timestamp": "2026-08-26T20:55:12.229783Z"}
{"tool": "create_line", "event": "tool.register", "logger": "src.tools.registry", "level": "info", "timestamp": "2026-08-26T20:55:12.230041Z"}
{"tool": "create_polyline", "event": "tool.register", "logger": "src.tools.registry", "level": "info", "timestamp": "2026-08-26T20:55:12.230183Z"}
{"tool": "create_infinite_line", "event": "tool.register", "logger": "src.tools.registry", "level": "info", "timestamp": "2026-08-26T20:55:12.230289Z"}
{"tool": "create_circle", "event": "tool.register", "logger": "src.tools.registry", "level": "info", "timestamp": "2026-08-26T20:55:12.230387Z"}
{"tool": "create_arc", "event": "tool.register", "logger": "src.tools.registry", "level": "info", "timestamp": "2026-08-26T20:55:12.230487Z"}
{"tool": "create_angle_dimension", "event": "tool.register", "logger": "src.tools.registry", "level": "info", "timestamp": "2026-08-26T20:55:12.230598Z"}
{"tool": "create_arc_by_three_points", "event": "tool.register", "logger": "src.tools.registry", "level": "info", "timestamp": "2026-08-26T20:55:12.230702Z"}
{"tool": "create_point", "event": "tool.register", "logger": "src.tools.registry", "level": "info", "timestamp": "2026-08-26T20:55:12.230793Z"}
{"tool": "create_rectangle", "event": "tool.register", "logger": "src.tools.registry", "level": "info", "timestamp": "2026-08-26T20:55:12.230882Z"}
{"tool": "create_regular_polygon", "event": "tool.register", "logger": "src.tools.registry", "level": "info", "timestamp": "2026-08-26T20:55:12.230975Z"}
{"tool": "create_chamfer", "event": "tool.register", "logger": "src.tools.registry", "level": "info", "timestamp": "2026-08-26T20:55:12.231078Z"}
{"tool": "create_fillet", "event": "tool.register", "logger": "src.tools.registry", "level": "info", "timestamp": "2026-08-26T20:55:12.231181Z"}
{"tool": "create_ellipse", "event": "tool.register", "logger": "src.tools.registry", "level": "info", "timestamp": "2026-08-26T20:55:12.231287Z"}
{"tool": "create_ellipse_arc", "event": "tool.register", "logger": "src.tools.registry", "level": "info", "timestamp": "2026-08-26T20:55:12.231381Z"}
{"tool": "create_linear_dimension", "event": "tool.register", "logger": "src.tools.registry", "level": "info", "timestamp": "2026-08-26T20:55:12.231483Z"}
{"tool": "create_diameter_dimension", "event": "tool.register", "logger": "src.tools.registry", "level": "info", "timestamp": "2026-08-26T20:55:12.231584Z"}
{"tool": "create_radius_dimension", "event": "tool.register", "logger": "src.tools.registry", "level": "info", "timestamp": "2026-08-26T20:55:12.231678Z"}
{"tool": "dimension_between_objects", "event": "tool.register", "logger": "src.tools.registry", "level": "info", "timestamp": "2026-08-26T20:55:12.231814Z"}
{"tool": "auto_arrange_dimensions", "event": "tool.register", "logger": "src.tools.registry", "level": "info", "timestamp": "2026-08-26T20:55:12.231948Z"}
{"tool": "create_ordinate_dimension", "event": "tool.register", "logger": "src.tools.registry", "level": "info", "timestamp": "2026-08-26T20:55:12.232055Z"}
{"tool": "export_to_json", "event": "tool.register", "logger": "src.tools.registry", "level": "info", "timestamp": "2026-08-26T20:55:12.232223Z"}
{"tool": "list_objects", "event": "tool.register", "logger": "src.tools.registry", "level": "info", "timestamp": "2026-08-26T20:55:12.232366Z"}
{"tool": "get_object_info", "event": "tool.register", "logger": "src.tools.registry", "level": "info", "timestamp": "2026-08-26T20:55:12.232462Z"}
{"tool": "find_object_by_point", "event": "tool.register", "logger": "src.tools.registry", "level": "info", "timestamp": "2026-08-26T20:55:12.232547Z"}
{"tool": "delete_object", "event": "tool.register", "logger": "src.tools.registry", "level": "info", "timestamp": "2026-08-26T20:55:12.232630Z"}
{"tool": "move_object", "event": "tool.register", "logger": "src.tools.registry", "level": "info", "timestamp": "2026-08-26T20:55:12.232711Z"}
{"tool": "transform_object", "event": "tool.register", "logger": "src.tools.registry", "level": "info", "timestamp": "2026-08-26T20:55:12.232796Z"}
{"tool": "symmetry_object", "event": "tool.register", "logger": "src.tools.registry", "level": "info", "timestamp": "2026-08-26T20:55:12.232885Z"}
{"tool": "update_circle", "event": "tool.register", "logger": "src.tools.registry", "level": "info", "timestamp": "2026-08-26T20:55:12.232973Z"}
{"tool": "update_line", "event": "tool.register", "logger": "src.tools.registry", "level": "info", "timestamp": "2026-08-26T20:55:12.233061Z"}
{"tool": "measure_distance", "event": "tool.register", "logger": "src.tools.registry", "level": "info", "timestamp": "2026-08-26T20:55:12.233160Z"}
{"tool": "measure_length", "event": "tool.register", "logger": "src.tools.registry", "level": "info", "timestamp": "2026-08-26T20:55:12.233247Z"}
{"tool": "measure_angle", "event": "tool.register", "logger": "src.tools.registry", "level": "info", "timestamp": "2026-08-26T20:55:12.233329Z"}
{"tool": "measure_area", "event": "tool.register", "logger": "src.tools.registry", "level": "info", "timestamp": "2026-08-26T20:55:12.233407Z"}
{"tool": "check_intersection", "event": "tool.register", "logger": "src.tools.registry", "level": "info", "timestamp": "2026-08-26T20:55:12.233487Z"}
{"tool": "save_document", "event": "tool.register", "logger": "src.tools.registry", "level": "info", "timestamp": "2026-08-26T20:55:12.233565Z"}
{"tool": "export_to_dxf", "event": "tool.register", "logger": "src.tools.registry", "level": "info", "timestamp": "2026-08-26T20:55:12.233638Z"}
{"tool": "open_document", "event": "tool.register", "logger": "src.tools.registry", "level": "info", "timestamp": "2026-08-26T20:55:12.233715Z"}
{"tool": "create_document", "event": "tool.register", "logger": "src.tools.registry", "level": "info", "timestamp": "2026-08-26T20:55:12.233819Z"}
{"tool": "list_open_documents", "event": "tool.register", "logger": "src.tools.registry", "level": "info", "timestamp": "2026-08-26T20:55:12.233915Z"}
{"tool": "get_active_document", "event": "tool.register", "logger": "src.tools.registry", "level": "info", "timestamp": "2026-08-26T20:55:12.233990Z"}
{"tool": "activate_document", "event": "tool.register", "logger": "src.tools.registry", "level": "info", "timestamp": "2026-08-26T20:55:12.234072Z"}
{"tool": "close_document", "event": "tool.register", "logger": "src.tools.registry", "level": "info", "timestamp": "2026-08-26T20:55:12.234151Z"}
{"tool": "close_all_documents", "event": "tool.register", "logger": "src.tools.registry", "level": "info", "timestamp": "2026-08-26T20:55:12.234227Z"}
{"tool": "close_all_except_documents", "event": "tool.register", "logger": "src.tools.registry", "level": "info", "timestamp": "2026-08-26T20:55:12.234311Z"}
{"tool": "create_standard_sheet", "event": "tool.register", "logger": "src.tools.registry", "level": "info", "timestamp": "2026-08-26T20:55:12.234415Z"}
{"tool": "checkpoint_create", "event": "tool.register", "logger": "src.tools.registry", "level": "info", "timestamp": "2026-08-26T20:55:12.234918Z"}
{"tool": "checkpoint_restore", "event": "tool.register", "logger": "src.tools.registry", "level": "info", "timestamp": "2026-08-26T20:55:12.235807Z"}
{"tool": "begin_transaction", "event": "tool.register", "logger": "src.tools.registry", "level": "info", "timestamp": "2026-08-26T20:55:12.236422Z"}
{"tool": "commit_transaction", "event": "tool.register", "logger": "src.tools.registry", "level": "info", "timestamp": "2026-08-26T20:55:12.236903Z"}
{"tool": "rollback_transaction", "event": "tool.register", "logger": "src.tools.registry", "level": "info", "timestamp": "2026-08-26T20:55:12.237344Z"}
{"tool": "get_active_context", "event": "tool.register", "logger": "src.tools.registry", "level": "info", "timestamp": "2026-08-26T20:55:12.237438Z"}
{"tool": "set_active_context", "event": "tool.register", "logger": "src.tools.registry", "level": "info", "timestamp": "2026-08-26T20:55:12.237529Z"}
{"tool": "set_active_view", "event": "tool.register", "logger": "src.tools.registry", "level": "info", "timestamp": "2026-08-26T20:55:12.237611Z"}
{"tool": "create_view", "event": "tool.register", "logger": "src.tools.registry", "level": "info", "timestamp": "2026-08-26T20:55:12.237689Z"}
{"tool": "create_view_layout", "event": "tool.register", "logger": "src.tools.registry", "level": "info", "timestamp": "2026-08-26T20:55:12.237779Z"}
{"tool": "move_view", "event": "tool.register", "logger": "src.tools.registry", "level": "info", "timestamp": "2026-08-26T20:55:12.237870Z"}
{"tool": "validate_drawing_layout", "event": "tool.register", "logger": "src.tools.registry", "level": "info", "timestamp": "2026-08-26T20:55:12.237958Z"}
{"tool": "fill_drawing_stamp", "event": "tool.register", "logger": "src.tools.registry", "level": "info", "timestamp": "2026-08-26T20:55:12.238058Z"}
{"tool": "create_drawing_table", "event": "tool.register", "logger": "src.tools.registry", "level": "info", "timestamp": "2026-08-26T20:55:12.238163Z"}
{"tool": "create_parts_table", "event": "tool.register", "logger": "src.tools.registry", "level": "info", "timestamp": "2026-08-26T20:55:12.238256Z"}
{"tool": "read_drawing_table", "event": "tool.register", "logger": "src.tools.registry", "level": "info", "timestamp": "2026-08-26T20:55:12.238340Z"}
{"tool": "update_drawing_table", "event": "tool.register", "logger": "src.tools.registry", "level": "info", "timestamp": "2026-08-26T20:55:12.238420Z"}
{"tool": "write_csv_artifact", "event": "tool.register", "logger": "src.tools.registry", "level": "info", "timestamp": "2026-08-26T20:55:12.238505Z"}
{"tool": "create_position_leader", "event": "tool.register", "logger": "src.tools.registry", "level": "info", "timestamp": "2026-08-26T20:55:12.238600Z"}
{"tool": "arrange_position_leaders", "event": "tool.register", "logger": "src.tools.registry", "level": "info", "timestamp": "2026-08-26T20:55:12.238693Z"}
{"tool": "probe_drawing_stamp_cells", "event": "tool.register", "logger": "src.tools.registry", "level": "info", "timestamp": "2026-08-26T20:55:12.238829Z"}
{"tool": "fill_title_block", "event": "tool.register", "logger": "src.tools.registry", "level": "info", "timestamp": "2026-08-26T20:55:12.238940Z"}
{"tool": "insert_raster_image", "event": "tool.register", "logger": "src.tools.registry", "level": "info", "timestamp": "2026-08-26T20:55:12.239043Z"}
{"tool": "create_color_view_raster", "event": "tool.register", "logger": "src.tools.registry", "level": "info", "timestamp": "2026-08-26T20:55:12.239135Z"}
{"tool": "screenshot_document", "event": "tool.register", "logger": "src.tools.registry", "level": "info", "timestamp": "2026-08-26T20:55:12.239242Z"}
{"tool": "create_layer", "event": "tool.register", "logger": "src.tools.registry", "level": "info", "timestamp": "2026-08-26T20:55:12.239330Z"}
{"tool": "set_active_layer", "event": "tool.register", "logger": "src.tools.registry", "level": "info", "timestamp": "2026-08-26T20:55:12.239406Z"}
{"tool": "set_object_layer", "event": "tool.register", "logger": "src.tools.registry", "level": "info", "timestamp": "2026-08-26T20:55:12.239481Z"}
{"tool": "create_text", "event": "tool.register", "logger": "src.tools.registry", "level": "info", "timestamp": "2026-08-26T20:55:12.239566Z"}
{"tool": "batch_execute", "event": "tool.register", "logger": "src.tools.registry", "level": "info", "timestamp": "2026-08-26T20:55:12.239646Z"}
{"tool": "execute_python_script", "event": "tool.register", "logger": "src.tools.registry", "level": "info", "timestamp": "2026-08-26T20:55:12.239720Z"}
{"tool": "execute_geometry_script", "event": "tool.register", "logger": "src.tools.registry", "level": "info", "timestamp": "2026-08-26T20:55:12.239814Z"}
{"tool": "execute_tdcad_script", "event": "tool.register", "logger": "src.tools.registry", "level": "info", "timestamp": "2026-08-26T20:55:12.239901Z"}
{"tool": "calculate_model_math", "event": "tool.register", "logger": "src.tools.registry", "level": "info", "timestamp": "2026-08-26T20:55:12.239985Z"}
{"tool": "measure_model_properties", "event": "tool.register", "logger": "src.tools.registry", "level": "info", "timestamp": "2026-08-26T20:55:12.240100Z"}
{"tool": "solve_model_goal", "event": "tool.register", "logger": "src.tools.registry", "level": "info", "timestamp": "2026-08-26T20:55:12.240203Z"}
{"tool": "describe_tool", "event": "tool.register", "logger": "src.tools.registry", "level": "info", "timestamp": "2026-08-26T20:55:12.240288Z"}
{"tool": "get_environment", "event": "tool.register", "logger": "src.tools.registry", "level": "info", "timestamp": "2026-08-26T20:55:12.240361Z"}
{"tool": "get_state_summary", "event": "tool.register", "logger": "src.tools.registry", "level": "info", "timestamp": "2026-08-26T20:55:12.240434Z"}
{"tool": "get_geometry_digest", "event": "tool.register", "logger": "src.tools.registry", "level": "info", "timestamp": "2026-08-26T20:55:12.240510Z"}
{"tool": "snapshot_state", "event": "tool.register", "logger": "src.tools.registry", "level": "info", "timestamp": "2026-08-26T20:55:12.240795Z"}
{"tool": "search_kompas_api_graph", "event": "tool.register", "logger": "src.tools.registry", "level": "info", "timestamp": "2026-08-26T20:55:12.240904Z"}
{"tool": "get_kompas_api_symbol", "event": "tool.register", "logger": "src.tools.registry", "level": "info", "timestamp": "2026-08-26T20:55:12.240993Z"}
{"tool": "list_kompas_api_transitions", "event": "tool.register", "logger": "src.tools.registry", "level": "info", "timestamp": "2026-08-26T20:55:12.241081Z"}
{"tool": "find_kompas_api_capability", "event": "tool.register", "logger": "src.tools.registry", "level": "info", "timestamp": "2026-08-26T20:55:12.241165Z"}
{"tool": "validate_kompas_api_capability", "event": "tool.register", "logger": "src.tools.registry", "level": "info", "timestamp": "2026-08-26T20:55:12.241263Z"}
{"tool": "preflight_context", "event": "tool.register", "logger": "src.tools.registry", "level": "info", "timestamp": "2026-08-26T20:55:12.241352Z"}
{"tool": "safe_feature_create", "event": "tool.register", "logger": "src.tools.registry", "level": "info", "timestamp": "2026-08-26T20:55:12.241817Z"}
{"tool": "resolve_selection", "event": "tool.register", "logger": "src.tools.registry", "level": "info", "timestamp": "2026-08-26T20:55:12.242048Z"}
{"tool": "resolve_selection_3d", "event": "tool.register", "logger": "src.tools.registry", "level": "info", "timestamp": "2026-08-26T20:55:12.242204Z"}
{"tool": "snapshot_diff", "event": "tool.register", "logger": "src.tools.registry", "level": "info", "timestamp": "2026-08-26T20:55:12.242660Z"}
{"tool": "validation_inspect", "event": "tool.register", "logger": "src.tools.registry", "level": "info", "timestamp": "2026-08-26T20:55:12.243019Z"}
{"tool": "repair_attempt", "event": "tool.register", "logger": "src.tools.registry", "level": "info", "timestamp": "2026-08-26T20:55:12.243130Z"}
{"tool": "runtime_memory", "event": "tool.register", "logger": "src.tools.registry", "level": "info", "timestamp": "2026-08-26T20:55:12.243229Z"}
{"tool": "create_change_container", "event": "tool.register", "logger": "src.tools.registry", "level": "info", "timestamp": "2026-08-26T20:55:12.243717Z"}
{"tool": "list_change_containers", "event": "tool.register", "logger": "src.tools.registry", "level": "info", "timestamp": "2026-08-26T20:55:12.244177Z"}
{"tool": "activate_change_container", "event": "tool.register", "logger": "src.tools.registry", "level": "info", "timestamp": "2026-08-26T20:55:12.244623Z"}
{"tool": "checkpoint_change_container", "event": "tool.register", "logger": "src.tools.registry", "level": "info", "timestamp": "2026-08-26T20:55:12.245027Z"}
{"tool": "restore_change_container_checkpoint", "event": "tool.register", "logger": "src.tools.registry", "level": "info", "timestamp": "2026-08-26T20:55:12.245434Z"}
{"tool": "discard_change_container", "event": "tool.register", "logger": "src.tools.registry", "level": "info", "timestamp": "2026-08-26T20:55:12.245849Z"}
{"tool": "promote_change_container", "event": "tool.register", "logger": "src.tools.registry", "level": "info", "timestamp": "2026-08-26T20:55:12.246261Z"}
{"tool": "diff_change_containers", "event": "tool.register", "logger": "src.tools.registry", "level": "info", "timestamp": "2026-08-26T20:55:12.246843Z"}
{"tool": "scenario_runner", "event": "tool.register", "logger": "src.tools.registry", "level": "info", "timestamp": "2026-08-26T20:55:12.246951Z"}
{"tool": "verify_geometry", "event": "tool.register", "logger": "src.tools.registry", "level": "info", "timestamp": "2026-08-26T20:55:12.247060Z"}
{"tool": "list_script_helpers", "event": "tool.register", "logger": "src.tools.registry", "level": "info", "timestamp": "2026-08-26T20:55:12.247150Z"}
{"tool": "execute_kompas_command", "event": "tool.register", "logger": "src.tools.registry", "level": "info", "timestamp": "2026-08-26T20:55:12.247231Z"}
{"tool": "attach_kompas_library", "event": "tool.register", "logger": "src.tools.registry", "level": "info", "timestamp": "2026-08-26T20:55:12.247310Z"}
{"tool": "detach_kompas_library", "event": "tool.register", "logger": "src.tools.registry", "level": "info", "timestamp": "2026-08-26T20:55:12.247386Z"}
{"tool": "execute_kompas_library_command", "event": "tool.register", "logger": "src.tools.registry", "level": "info", "timestamp": "2026-08-26T20:55:12.247465Z"}
{"tool": "execute_kompas_library_command_ex", "event": "tool.register", "logger": "src.tools.registry", "level": "info", "timestamp": "2026-08-26T20:55:12.247549Z"}
{"tool": "execute_library_command_by_path", "event": "tool.register", "logger": "src.tools.registry", "level": "info", "timestamp": "2026-08-26T20:55:12.247626Z"}
{"tool": "list_procedure_libraries", "event": "tool.register", "logger": "src.tools.registry", "level": "info", "timestamp": "2026-08-26T20:55:12.247703Z"}
{"tool": "list_procedure_library_commands", "event": "tool.register", "logger": "src.tools.registry", "level": "info", "timestamp": "2026-08-26T20:55:12.247782Z"}
{"tool": "create_document_3d", "event": "tool.register", "logger": "src.tools.registry", "level": "info", "timestamp": "2026-08-26T20:55:12.248077Z"}
{"tool": "get_3d_context", "event": "tool.register", "logger": "src.tools.registry", "level": "info", "timestamp": "2026-08-26T20:55:12.248378Z"}
{"tool": "set_part_properties_3d", "event": "tool.register", "logger": "src.tools.registry", "level": "info", "timestamp": "2026-08-26T20:55:12.248682Z"}
{"tool": "save_document_3d", "event": "tool.register", "logger": "src.tools.registry", "level": "info", "timestamp": "2026-08-26T20:55:12.248974Z"}
{"tool": "set_3d_view", "event": "tool.register", "logger": "src.tools.registry", "level": "info", "timestamp": "2026-08-26T20:55:12.249275Z"}
{"tool": "rebuild_model_3d", "event": "tool.register", "logger": "src.tools.registry", "level": "info", "timestamp": "2026-08-26T20:55:12.249575Z"}
{"tool": "list_default_entities_3d", "event": "tool.register", "logger": "src.tools.registry", "level": "info", "timestamp": "2026-08-26T20:55:12.249860Z"}
{"tool": "list_bodies_3d", "event": "tool.register", "logger": "src.tools.registry", "level": "info", "timestamp": "2026-08-26T20:55:12.250135Z"}
{"tool": "set_body_properties_3d", "event": "tool.register", "logger": "src.tools.registry", "level": "info", "timestamp": "2026-08-26T20:55:12.250728Z"}
{"tool": "set_body_appearance_3d", "event": "tool.register", "logger": "src.tools.registry", "level": "info", "timestamp": "2026-08-26T20:55:12.251023Z"}
{"tool": "extract_multibody_parts_table", "event": "tool.register", "logger": "src.tools.registry", "level": "info", "timestamp": "2026-08-26T20:55:12.251308Z"}
{"tool": "list_faces_3d", "event": "tool.register", "logger": "src.tools.registry", "level": "info", "timestamp": "2026-08-26T20:55:12.251583Z"}
{"tool": "list_edges_3d", "event": "tool.register", "logger": "src.tools.registry", "level": "info", "timestamp": "2026-08-26T20:55:12.251856Z"}
{"tool": "get_topology_summary_3d", "event": "tool.register", "logger": "src.tools.registry", "level": "info", "timestamp": "2026-08-26T20:55:12.252136Z"}
{"tool": "create_offset_plane_3d", "event": "tool.register", "logger": "src.tools.registry", "level": "info", "timestamp": "2026-08-26T20:55:12.252416Z"}
{"tool": "create_sketch_3d", "event": "tool.register", "logger": "src.tools.registry", "level": "info", "timestamp": "2026-08-26T20:55:12.252698Z"}
{"tool": "update_sketch_3d", "event": "tool.register", "logger": "src.tools.registry", "level": "info", "timestamp": "2026-08-26T20:55:12.253116Z"}
{"tool": "close_sketch_3d", "event": "tool.register", "logger": "src.tools.registry", "level": "info", "timestamp": "2026-08-26T20:55:12.253485Z"}
{"tool": "create_revolve_boss_3d", "event": "tool.register", "logger": "src.tools.registry", "level": "info", "timestamp": "2026-08-26T20:55:12.253791Z"}
{"tool": "create_edge_fillet_3d", "event": "tool.register", "logger": "src.tools.registry", "level": "info", "timestamp": "2026-08-26T20:55:12.254075Z"}
{"tool": "create_edge_chamfer_3d", "event": "tool.register", "logger": "src.tools.registry", "level": "info", "timestamp": "2026-08-26T20:55:12.254347Z"}
{"tool": "create_extrude_boss_3d", "event": "tool.register", "logger": "src.tools.registry", "level": "info", "timestamp": "2026-08-26T20:55:12.254631Z"}
{"tool": "create_extrude_cut_3d", "event": "tool.register", "logger": "src.tools.registry", "level": "info", "timestamp": "2026-08-26T20:55:12.254910Z"}
{"tool": "create_cylindrical_helix_3d", "event": "tool.register", "logger": "src.tools.registry", "level": "info", "timestamp": "2026-08-26T20:55:12.255186Z"}
{"tool": "create_sweep_cut_3d", "event": "tool.register", "logger": "src.tools.registry", "level": "info", "timestamp": "2026-08-26T20:55:12.255462Z"}
{"tool": "create_circular_pattern_3d", "event": "tool.register", "logger": "src.tools.registry", "level": "info", "timestamp": "2026-08-26T20:55:12.255738Z"}
{"tool": "create_linear_pattern_3d", "event": "tool.register", "logger": "src.tools.registry", "level": "info", "timestamp": "2026-08-26T20:55:12.256017Z"}
{"tool": "create_sweep_boss_3d", "event": "tool.register", "logger": "src.tools.registry", "level": "info", "timestamp": "2026-08-26T20:55:12.256294Z"}
{"tool": "create_loft_boss_3d", "event": "tool.register", "logger": "src.tools.registry", "level": "info", "timestamp": "2026-08-26T20:55:12.256591Z"}
{"tool": "create_loft_cut_3d", "event": "tool.register", "logger": "src.tools.registry", "level": "info", "timestamp": "2026-08-26T20:55:12.256873Z"}
{"tool": "create_shell_3d", "event": "tool.register", "logger": "src.tools.registry", "level": "info", "timestamp": "2026-08-26T20:55:12.257167Z"}
{"tool": "create_draft_3d", "event": "tool.register", "logger": "src.tools.registry", "level": "info", "timestamp": "2026-08-26T20:55:12.257449Z"}
{"tool": "create_rib_3d", "event": "tool.register", "logger": "src.tools.registry", "level": "info", "timestamp": "2026-08-26T20:55:12.257833Z"}
{"tool": "list_feature_tree_3d", "event": "tool.register", "logger": "src.tools.registry", "level": "info", "timestamp": "2026-08-26T20:55:12.258246Z"}
{"tool": "get_feature_info_3d", "event": "tool.register", "logger": "src.tools.registry", "level": "info", "timestamp": "2026-08-26T20:55:12.258658Z"}
{"tool": "update_feature_3d", "event": "tool.register", "logger": "src.tools.registry", "level": "info", "timestamp": "2026-08-26T20:55:12.259098Z"}
{"tool": "suppress_feature_3d", "event": "tool.register", "logger": "src.tools.registry", "level": "info", "timestamp": "2026-08-26T20:55:12.259535Z"}
HTTP Request: GET https://kompasmcp.ru/client/policy "HTTP/1.1 200 OK"
{"event": "local_authorized_server.initialize.success", "logger": "src.launcher.local_authorized_server", "level": "info", "timestamp": "2026-08-26T20:55:12.773332Z"}
Processing request of type ListToolsRequest
HTTP Request: GET https://kompasmcp.ru/client/policy "HTTP/1.1 200 OK"
{"event": "local_authorized_server.initialize.success", "logger": "src.launcher.local_authorized_server", "level": "info", "timestamp": "2026-08-26T20:55:13.144872Z"}
Processing request of type ListToolsRequest
{"event": "local_authorized_server.initialize.start", "logger": "src.launcher.local_authorized_server", "level": "info", "timestamp": "2026-08-26T20:55:13.852476Z"}
{"worker": "COM", "event": "com_worker.thread.start", "logger": "src.kompas.com_worker", "level": "info", "timestamp": "2026-08-26T20:55:13.852833Z"}
{"event": "kompas.initialize.start", "logger": "src.kompas.connection", "level": "info", "timestamp": "2026-08-26T20:55:13.853034Z"}
{"dispatch": "Kompas.Application.7", "visible": false, "event": "kompas.dispatch.candidate", "logger": "src.kompas.connection", "level": "info", "timestamp": "2026-08-26T20:55:13.915503Z"}
{"dispatch": "Kompas.Application.5", "visible": false, "event": "kompas.dispatch.candidate", "logger": "src.kompas.connection", "level": "info", "timestamp": "2026-08-26T20:55:13.916425Z"}
{"dispatch": "Kompas.Application.7", "event": "kompas.dispatch.selected", "logger": "src.kompas.connection", "level": "info", "timestamp": "2026-08-26T20:55:13.916510Z"}
{"dispatch": "Kompas.Application.5", "wrapper": "KompasObject", "error": "(-2147467262, '\u0418\u043d\u0442\u0435\u0440\u0444\u0435\u0439\u0441 \u043d\u0435 \u043f\u043e\u0434\u0434\u0435\u0440\u0436\u0438\u0432\u0430\u0435\u0442\u0441\u044f', None, None)", "event": "kompas.dispatch.query_interface_failed", "logger": "src.kompas.connection", "level": "warning", "timestamp": "2026-08-26T20:55:13.917484Z"}
{"event": "kompas.initialize.success", "logger": "src.kompas.connection", "level": "info", "timestamp": "2026-08-26T20:55:13.920467Z"}
{"tool": "create_line", "event": "tool.register", "logger": "src.tools.registry", "level": "info", "timestamp": "2026-08-26T20:55:13.920764Z"}
{"tool": "create_polyline", "event": "tool.register", "logger": "src.tools.registry", "level": "info", "timestamp": "2026-08-26T20:55:13.920901Z"}
{"tool": "create_infinite_line", "event": "tool.register", "logger": "src.tools.registry", "level": "info", "timestamp": "2026-08-26T20:55:13.921065Z"}
{"tool": "create_circle", "event": "tool.register", "logger": "src.tools.registry", "level": "info", "timestamp": "2026-08-26T20:55:13.921166Z"}
{"tool": "create_arc", "event": "tool.register", "logger": "src.tools.registry", "level": "info", "timestamp": "2026-08-26T20:55:13.921263Z"}
{"tool": "create_angle_dimension", "event": "tool.register", "logger": "src.tools.registry", "level": "info", "timestamp": "2026-08-26T20:55:13.921469Z"}
{"tool": "create_arc_by_three_points", "event": "tool.register", "logger": "src.tools.registry", "level": "info", "timestamp": "2026-08-26T20:55:13.921614Z"}
{"tool": "create_point", "event": "tool.register", "logger": "src.tools.registry", "level": "info", "timestamp": "2026-08-26T20:55:13.921717Z"}
{"tool": "create_rectangle", "event": "tool.register", "logger": "src.tools.registry", "level": "info", "timestamp": "2026-08-26T20:55:13.921813Z"}
{"tool": "create_regular_polygon", "event": "tool.register", "logger": "src.tools.registry", "level": "info", "timestamp": "2026-08-26T20:55:13.921909Z"}
{"tool": "create_chamfer", "event": "tool.register", "logger": "src.tools.registry", "level": "info", "timestamp": "2026-08-26T20:55:13.922008Z"}
{"tool": "create_fillet", "event": "tool.register", "logger": "src.tools.registry", "level": "info", "timestamp": "2026-08-26T20:55:13.922100Z"}
{"tool": "create_ellipse", "event": "tool.register", "logger": "src.tools.registry", "level": "info", "timestamp": "2026-08-26T20:55:13.922191Z"}
{"tool": "create_ellipse_arc", "event": "tool.register", "logger": "src.tools.registry", "level": "info", "timestamp": "2026-08-26T20:55:13.922284Z"}
{"tool": "create_linear_dimension", "event": "tool.register", "logger": "src.tools.registry", "level": "info", "timestamp": "2026-08-26T20:55:13.922407Z"}
{"tool": "create_diameter_dimension", "event": "tool.register", "logger": "src.tools.registry", "level": "info", "timestamp": "2026-08-26T20:55:13.922527Z"}
{"tool": "create_radius_dimension", "event": "tool.register", "logger": "src.tools.registry", "level": "info", "timestamp": "2026-08-26T20:55:13.922644Z"}
{"tool": "dimension_between_objects", "event": "tool.register", "logger": "src.tools.registry", "level": "info", "timestamp": "2026-08-26T20:55:13.922794Z"}
{"tool": "auto_arrange_dimensions", "event": "tool.register", "logger": "src.tools.registry", "level": "info", "timestamp": "2026-08-26T20:55:13.922925Z"}
{"tool": "create_ordinate_dimension", "event": "tool.register", "logger": "src.tools.registry", "level": "info", "timestamp": "2026-08-26T20:55:13.923047Z"}
{"tool": "export_to_json", "event": "tool.register", "logger": "src.tools.registry", "level": "info", "timestamp": "2026-08-26T20:55:13.923254Z"}
{"tool": "list_objects", "event": "tool.register", "logger": "src.tools.registry", "level": "info", "timestamp": "2026-08-26T20:55:13.923419Z"}
{"tool": "get_object_info", "event": "tool.register", "logger": "src.tools.registry", "level": "info", "timestamp": "2026-08-26T20:55:13.923519Z"}
{"tool": "find_object_by_point", "event": "tool.register", "logger": "src.tools.registry", "level": "info", "timestamp": "2026-08-26T20:55:13.923603Z"}
{"tool": "delete_object", "event": "tool.register", "logger": "src.tools.registry", "level": "info", "timestamp": "2026-08-26T20:55:13.923692Z"}
{"tool": "move_object", "event": "tool.register", "logger": "src.tools.registry", "level": "info", "timestamp": "2026-08-26T20:55:13.923775Z"}
{"tool": "transform_object", "event": "tool.register", "logger": "src.tools.registry", "level": "info", "timestamp": "2026-08-26T20:55:13.923860Z"}
{"tool": "symmetry_object", "event": "tool.register", "logger": "src.tools.registry", "level": "info", "timestamp": "2026-08-26T20:55:13.923946Z"}
{"tool": "update_circle", "event": "tool.register", "logger": "src.tools.registry", "level": "info", "timestamp": "2026-08-26T20:55:13.924036Z"}
{"tool": "update_line", "event": "tool.register", "logger": "src.tools.registry", "level": "info", "timestamp": "2026-08-26T20:55:13.924174Z"}
{"tool": "measure_distance", "event": "tool.register", "logger": "src.tools.registry", "level": "info", "timestamp": "2026-08-26T20:55:13.924274Z"}
{"tool": "measure_length", "event": "tool.register", "logger": "src.tools.registry", "level": "info", "timestamp": "2026-08-26T20:55:13.924371Z"}
{"tool": "measure_angle", "event": "tool.register", "logger": "src.tools.registry", "level": "info", "timestamp": "2026-08-26T20:55:13.924451Z"}
{"tool": "measure_area", "event": "tool.register", "logger": "src.tools.registry", "level": "info", "timestamp": "2026-08-26T20:55:13.924529Z"}
{"tool": "check_intersection", "event": "tool.register", "logger": "src.tools.registry", "level": "info", "timestamp": "2026-08-26T20:55:13.924607Z"}
{"tool": "save_document", "event": "tool.register", "logger": "src.tools.registry", "level": "info", "timestamp": "2026-08-26T20:55:13.924683Z"}
{"tool": "export_to_dxf", "event": "tool.register", "logger": "src.tools.registry", "level": "info", "timestamp": "2026-08-26T20:55:13.924753Z"}
{"tool": "open_document", "event": "tool.register", "logger": "src.tools.registry", "level": "info", "timestamp": "2026-08-26T20:55:13.924823Z"}
{"tool": "create_document", "event": "tool.register", "logger": "src.tools.registry", "level": "info", "timestamp": "2026-08-26T20:55:13.924899Z"}
{"tool": "list_open_documents", "event": "tool.register", "logger": "src.tools.registry", "level": "info", "timestamp": "2026-08-26T20:55:13.924980Z"}
{"tool": "get_active_document", "event": "tool.register", "logger": "src.tools.registry", "level": "info", "timestamp": "2026-08-26T20:55:13.925052Z"}
{"tool": "activate_document", "event": "tool.register", "logger": "src.tools.registry", "level": "info", "timestamp": "2026-08-26T20:55:13.925131Z"}
{"tool": "close_document", "event": "tool.register", "logger": "src.tools.registry", "level": "info", "timestamp": "2026-08-26T20:55:13.925209Z"}
{"tool": "close_all_documents", "event": "tool.register", "logger": "src.tools.registry", "level": "info", "timestamp": "2026-08-26T20:55:13.925284Z"}
{"tool": "close_all_except_documents", "event": "tool.register", "logger": "src.tools.registry", "level": "info", "timestamp": "2026-08-26T20:55:13.925360Z"}
{"tool": "create_standard_sheet", "event": "tool.register", "logger": "src.tools.registry", "level": "info", "timestamp": "2026-08-26T20:55:13.925450Z"}
{"tool": "checkpoint_create", "event": "tool.register", "logger": "src.tools.registry", "level": "info", "timestamp": "2026-08-26T20:55:13.925907Z"}
{"tool": "checkpoint_restore", "event": "tool.register", "logger": "src.tools.registry", "level": "info", "timestamp": "2026-08-26T20:55:13.926720Z"}
{"tool": "begin_transaction", "event": "tool.register", "logger": "src.tools.registry", "level": "info", "timestamp": "2026-08-26T20:55:13.927210Z"}
{"tool": "commit_transaction", "event": "tool.register", "logger": "src.tools.registry", "level": "info", "timestamp": "2026-08-26T20:55:13.927603Z"}
{"tool": "rollback_transaction", "event": "tool.register", "logger": "src.tools.registry", "level": "info", "timestamp": "2026-08-26T20:55:13.927985Z"}
{"tool": "get_active_context", "event": "tool.register", "logger": "src.tools.registry", "level": "info", "timestamp": "2026-08-26T20:55:13.928079Z"}
{"tool": "set_active_context", "event": "tool.register", "logger": "src.tools.registry", "level": "info", "timestamp": "2026-08-26T20:55:13.928171Z"}
{"tool": "set_active_view", "event": "tool.register", "logger": "src.tools.registry", "level": "info", "timestamp": "2026-08-26T20:55:13.928256Z"}
{"tool": "create_view", "event": "tool.register", "logger": "src.tools.registry", "level": "info", "timestamp": "2026-08-26T20:55:13.928339Z"}
{"tool": "create_view_layout", "event": "tool.register", "logger": "src.tools.registry", "level": "info", "timestamp": "2026-08-26T20:55:13.928437Z"}
{"tool": "move_view", "event": "tool.register", "logger": "src.tools.registry", "level": "info", "timestamp": "2026-08-26T20:55:13.928572Z"}
{"tool": "validate_drawing_layout", "event": "tool.register", "logger": "src.tools.registry", "level": "info", "timestamp": "2026-08-26T20:55:13.928666Z"}
{"tool": "fill_drawing_stamp", "event": "tool.register", "logger": "src.tools.registry", "level": "info", "timestamp": "2026-08-26T20:55:13.928763Z"}
{"tool": "create_drawing_table", "event": "tool.register", "logger": "src.tools.registry", "level": "info", "timestamp": "2026-08-26T20:55:13.928864Z"}
{"tool": "create_parts_table", "event": "tool.register", "logger": "src.tools.registry", "level": "info", "timestamp": "2026-08-26T20:55:13.928956Z"}
{"tool": "read_drawing_table", "event": "tool.register", "logger": "src.tools.registry", "level": "info", "timestamp": "2026-08-26T20:55:13.929037Z"}
{"tool": "update_drawing_table", "event": "tool.register", "logger": "src.tools.registry", "level": "info", "timestamp": "2026-08-26T20:55:13.929114Z"}
{"tool": "write_csv_artifact", "event": "tool.register", "logger": "src.tools.registry", "level": "info", "timestamp": "2026-08-26T20:55:13.929193Z"}
{"tool": "create_position_leader", "event": "tool.register", "logger": "src.tools.registry", "level": "info", "timestamp": "2026-08-26T20:55:13.929283Z"}
{"tool": "arrange_position_leaders", "event": "tool.register", "logger": "src.tools.registry", "level": "info", "timestamp": "2026-08-26T20:55:13.929370Z"}
{"tool": "probe_drawing_stamp_cells", "event": "tool.register", "logger": "src.tools.registry", "level": "info", "timestamp": "2026-08-26T20:55:13.929465Z"}
{"tool": "fill_title_block", "event": "tool.register", "logger": "src.tools.registry", "level": "info", "timestamp": "2026-08-26T20:55:13.929564Z"}
{"tool": "insert_raster_image", "event": "tool.register", "logger": "src.tools.registry", "level": "info", "timestamp": "2026-08-26T20:55:13.929657Z"}
{"tool": "create_color_view_raster", "event": "tool.register", "logger": "src.tools.registry", "level": "info", "timestamp": "2026-08-26T20:55:13.929742Z"}
{"tool": "screenshot_document", "event": "tool.register", "logger": "src.tools.registry", "level": "info", "timestamp": "2026-08-26T20:55:13.929844Z"}
{"tool": "create_layer", "event": "tool.register", "logger": "src.tools.registry", "level": "info", "timestamp": "2026-08-26T20:55:13.929924Z"}
{"tool": "set_active_layer", "event": "tool.register", "logger": "src.tools.registry", "level": "info", "timestamp": "2026-08-26T20:55:13.929996Z"}
{"tool": "set_object_layer", "event": "tool.register", "logger": "src.tools.registry", "level": "info", "timestamp": "2026-08-26T20:55:13.930066Z"}
{"tool": "create_text", "event": "tool.register", "logger": "src.tools.registry", "level": "info", "timestamp": "2026-08-26T20:55:13.930144Z"}
{"tool": "batch_execute", "event": "tool.register", "logger": "src.tools.registry", "level": "info", "timestamp": "2026-08-26T20:55:13.930221Z"}
{"tool": "execute_python_script", "event": "tool.register", "logger": "src.tools.registry", "level": "info", "timestamp": "2026-08-26T20:55:13.930290Z"}
{"tool": "execute_geometry_script", "event": "tool.register", "logger": "src.tools.registry", "level": "info", "timestamp": "2026-08-26T20:55:13.930382Z"}
{"tool": "execute_tdcad_script", "event": "tool.register", "logger": "src.tools.registry", "level": "info", "timestamp": "2026-08-26T20:55:13.930464Z"}
{"tool": "calculate_model_math", "event": "tool.register", "logger": "src.tools.registry", "level": "info", "timestamp": "2026-08-26T20:55:13.930546Z"}
{"tool": "measure_model_properties", "event": "tool.register", "logger": "src.tools.registry", "level": "info", "timestamp": "2026-08-26T20:55:13.930634Z"}
{"tool": "solve_model_goal", "event": "tool.register", "logger": "src.tools.registry", "level": "info", "timestamp": "2026-08-26T20:55:13.930724Z"}
{"tool": "describe_tool", "event": "tool.register", "logger": "src.tools.registry", "level": "info", "timestamp": "2026-08-26T20:55:13.930802Z"}
{"tool": "get_environment", "event": "tool.register", "logger": "src.tools.registry", "level": "info", "timestamp": "2026-08-26T20:55:13.930873Z"}
{"tool": "get_state_summary", "event": "tool.register", "logger": "src.tools.registry", "level": "info", "timestamp": "2026-08-26T20:55:13.930945Z"}
{"tool": "get_geometry_digest", "event": "tool.register", "logger": "src.tools.registry", "level": "info", "timestamp": "2026-08-26T20:55:13.931016Z"}
{"tool": "snapshot_state", "event": "tool.register", "logger": "src.tools.registry", "level": "info", "timestamp": "2026-08-26T20:55:13.931273Z"}
{"tool": "search_kompas_api_graph", "event": "tool.register", "logger": "src.tools.registry", "level": "info", "timestamp": "2026-08-26T20:55:13.931377Z"}
{"tool": "get_kompas_api_symbol", "event": "tool.register", "logger": "src.tools.registry", "level": "info", "timestamp": "2026-08-26T20:55:13.931462Z"}
{"tool": "list_kompas_api_transitions", "event": "tool.register", "logger": "src.tools.registry", "level": "info", "timestamp": "2026-08-26T20:55:13.931545Z"}
{"tool": "find_kompas_api_capability", "event": "tool.register", "logger": "src.tools.registry", "level": "info", "timestamp": "2026-08-26T20:55:13.931626Z"}
{"tool": "validate_kompas_api_capability", "event": "tool.register", "logger": "src.tools.registry", "level": "info", "timestamp": "2026-08-26T20:55:13.931720Z"}
{"tool": "preflight_context", "event": "tool.register", "logger": "src.tools.registry", "level": "info", "timestamp": "2026-08-26T20:55:13.931801Z"}
{"tool": "safe_feature_create", "event": "tool.register", "logger": "src.tools.registry", "level": "info", "timestamp": "2026-08-26T20:55:13.932061Z"}
{"tool": "resolve_selection", "event": "tool.register", "logger": "src.tools.registry", "level": "info", "timestamp": "2026-08-26T20:55:13.932165Z"}
{"tool": "resolve_selection_3d", "event": "tool.register", "logger": "src.tools.registry", "level": "info", "timestamp": "2026-08-26T20:55:13.932255Z"}
{"tool": "snapshot_diff", "event": "tool.register", "logger": "src.tools.registry", "level": "info", "timestamp": "2026-08-26T20:55:13.932511Z"}
{"tool": "validation_inspect", "event": "tool.register", "logger": "src.tools.registry", "level": "info", "timestamp": "2026-08-26T20:55:13.932784Z"}
{"tool": "repair_attempt", "event": "tool.register", "logger": "src.tools.registry", "level": "info", "timestamp": "2026-08-26T20:55:13.932884Z"}
{"tool": "runtime_memory", "event": "tool.register", "logger": "src.tools.registry", "level": "info", "timestamp": "2026-08-26T20:55:13.932973Z"}
{"tool": "create_change_container", "event": "tool.register", "logger": "src.tools.registry", "level": "info", "timestamp": "2026-08-26T20:55:13.933372Z"}
{"tool": "list_change_containers", "event": "tool.register", "logger": "src.tools.registry", "level": "info", "timestamp": "2026-08-26T20:55:13.933754Z"}
{"tool": "activate_change_container", "event": "tool.register", "logger": "src.tools.registry", "level": "info", "timestamp": "2026-08-26T20:55:13.934131Z"}
{"tool": "checkpoint_change_container", "event": "tool.register", "logger": "src.tools.registry", "level": "info", "timestamp": "2026-08-26T20:55:13.934524Z"}
{"tool": "restore_change_container_checkpoint", "event": "tool.register", "logger": "src.tools.registry", "level": "info", "timestamp": "2026-08-26T20:55:13.934906Z"}
{"tool": "discard_change_container", "event": "tool.register", "logger": "src.tools.registry", "level": "info", "timestamp": "2026-08-26T20:55:13.935284Z"}
{"tool": "promote_change_container", "event": "tool.register", "logger": "src.tools.registry", "level": "info", "timestamp": "2026-08-26T20:55:13.935656Z"}
{"tool": "diff_change_containers", "event": "tool.register", "logger": "src.tools.registry", "level": "info", "timestamp": "2026-08-26T20:55:13.936186Z"}
{"tool": "scenario_runner", "event": "tool.register", "logger": "src.tools.registry", "level": "info", "timestamp": "2026-08-26T20:55:13.936284Z"}
{"tool": "verify_geometry", "event": "tool.register", "logger": "src.tools.registry", "level": "info", "timestamp": "2026-08-26T20:55:13.936386Z"}
{"tool": "list_script_helpers", "event": "tool.register", "logger": "src.tools.registry", "level": "info", "timestamp": "2026-08-26T20:55:13.936476Z"}
{"tool": "execute_kompas_command", "event": "tool.register", "logger": "src.tools.registry", "level": "info", "timestamp": "2026-08-26T20:55:13.936555Z"}
{"tool": "attach_kompas_library", "event": "tool.register", "logger": "src.tools.registry", "level": "info", "timestamp": "2026-08-26T20:55:13.936631Z"}
{"tool": "detach_kompas_library", "event": "tool.register", "logger": "src.tools.registry", "level": "info", "timestamp": "2026-08-26T20:55:13.936706Z"}
{"tool": "execute_kompas_library_command", "event": "tool.register", "logger": "src.tools.registry", "level": "info", "timestamp": "2026-08-26T20:55:13.936780Z"}
{"tool": "execute_kompas_library_command_ex", "event": "tool.register", "logger": "src.tools.registry", "level": "info", "timestamp": "2026-08-26T20:55:13.936854Z"}
{"tool": "execute_library_command_by_path", "event": "tool.register", "logger": "src.tools.registry", "level": "info", "timestamp": "2026-08-26T20:55:13.936928Z"}
{"tool": "list_procedure_libraries", "event": "tool.register", "logger": "src.tools.registry", "level": "info", "timestamp": "2026-08-26T20:55:13.937000Z"}
{"tool": "list_procedure_library_commands", "event": "tool.register", "logger": "src.tools.registry", "level": "info", "timestamp": "2026-08-26T20:55:13.937072Z"}
{"tool": "create_document_3d", "event": "tool.register", "logger": "src.tools.registry", "level": "info", "timestamp": "2026-08-26T20:55:13.937326Z"}
{"tool": "get_3d_context", "event": "tool.register", "logger": "src.tools.registry", "level": "info", "timestamp": "2026-08-26T20:55:13.937586Z"}
{"tool": "set_part_properties_3d", "event": "tool.register", "logger": "src.tools.registry", "level": "info", "timestamp": "2026-08-26T20:55:13.937845Z"}
{"tool": "save_document_3d", "event": "tool.register", "logger": "src.tools.registry", "level": "info", "timestamp": "2026-08-26T20:55:13.938102Z"}
{"tool": "set_3d_view", "event": "tool.register", "logger": "src.tools.registry", "level": "info", "timestamp": "2026-08-26T20:55:13.938377Z"}
{"tool": "rebuild_model_3d", "event": "tool.register", "logger": "src.tools.registry", "level": "info", "timestamp": "2026-08-26T20:55:13.938697Z"}
{"tool": "list_default_entities_3d", "event": "tool.register", "logger": "src.tools.registry", "level": "info", "timestamp": "2026-08-26T20:55:13.939008Z"}
{"tool": "list_bodies_3d", "event": "tool.register", "logger": "src.tools.registry", "level": "info", "timestamp": "2026-08-26T20:55:13.939334Z"}
{"tool": "set_body_properties_3d", "event": "tool.register", "logger": "src.tools.registry", "level": "info", "timestamp": "2026-08-26T20:55:13.939842Z"}
{"tool": "set_body_appearance_3d", "event": "tool.register", "logger": "src.tools.registry", "level": "info", "timestamp": "2026-08-26T20:55:13.940119Z"}
{"tool": "extract_multibody_parts_table", "event": "tool.register", "logger": "src.tools.registry", "level": "info", "timestamp": "2026-08-26T20:55:13.940392Z"}
{"tool": "list_faces_3d", "event": "tool.register", "logger": "src.tools.registry", "level": "info", "timestamp": "2026-08-26T20:55:13.940659Z"}
{"tool": "list_edges_3d", "event": "tool.register", "logger": "src.tools.registry", "level": "info", "timestamp": "2026-08-26T20:55:13.940922Z"}
{"tool": "get_topology_summary_3d", "event": "tool.register", "logger": "src.tools.registry", "level": "info", "timestamp": "2026-08-26T20:55:13.941183Z"}
{"tool": "create_offset_plane_3d", "event": "tool.register", "logger": "src.tools.registry", "level": "info", "timestamp": "2026-08-26T20:55:13.941448Z"}
{"tool": "create_sketch_3d", "event": "tool.register", "logger": "src.tools.registry", "level": "info", "timestamp": "2026-08-26T20:55:13.941712Z"}
{"tool": "update_sketch_3d", "event": "tool.register", "logger": "src.tools.registry", "level": "info", "timestamp": "2026-08-26T20:55:13.942083Z"}
{"tool": "close_sketch_3d", "event": "tool.register", "logger": "src.tools.registry", "level": "info", "timestamp": "2026-08-26T20:55:13.942419Z"}
{"tool": "create_revolve_boss_3d", "event": "tool.register", "logger": "src.tools.registry", "level": "info", "timestamp": "2026-08-26T20:55:13.942676Z"}
{"tool": "create_edge_fillet_3d", "event": "tool.register", "logger": "src.tools.registry", "level": "info", "timestamp": "2026-08-26T20:55:13.942932Z"}
{"tool": "create_edge_chamfer_3d", "event": "tool.register", "logger": "src.tools.registry", "level": "info", "timestamp": "2026-08-26T20:55:13.943186Z"}
{"tool": "create_extrude_boss_3d", "event": "tool.register", "logger": "src.tools.registry", "level": "info", "timestamp": "2026-08-26T20:55:13.943452Z"}
{"tool": "create_extrude_cut_3d", "event": "tool.register", "logger": "src.tools.registry", "level": "info", "timestamp": "2026-08-26T20:55:13.943719Z"}
{"tool": "create_cylindrical_helix_3d", "event": "tool.register", "logger": "src.tools.registry", "level": "info", "timestamp": "2026-08-26T20:55:13.943981Z"}
{"tool": "create_sweep_cut_3d", "event": "tool.register", "logger": "src.tools.registry", "level": "info", "timestamp": "2026-08-26T20:55:13.944241Z"}
{"tool": "create_circular_pattern_3d", "event": "tool.register", "logger": "src.tools.registry", "level": "info", "timestamp": "2026-08-26T20:55:13.944502Z"}
{"tool": "create_linear_pattern_3d", "event": "tool.register", "logger": "src.tools.registry", "level": "info", "timestamp": "2026-08-26T20:55:13.944760Z"}
{"tool": "create_sweep_boss_3d", "event": "tool.register", "logger": "src.tools.registry", "level": "info", "timestamp": "2026-08-26T20:55:13.945018Z"}
{"tool": "create_loft_boss_3d", "event": "tool.register", "logger": "src.tools.registry", "level": "info", "timestamp": "2026-08-26T20:55:13.945270Z"}
{"tool": "create_loft_cut_3d", "event": "tool.register", "logger": "src.tools.registry", "level": "info", "timestamp": "2026-08-26T20:55:13.945521Z"}
{"tool": "create_shell_3d", "event": "tool.register", "logger": "src.tools.registry", "level": "info", "timestamp": "2026-08-26T20:55:13.945775Z"}
{"tool": "create_draft_3d", "event": "tool.register", "logger": "src.tools.registry", "level": "info", "timestamp": "2026-08-26T20:55:13.946027Z"}
{"tool": "create_rib_3d", "event": "tool.register", "logger": "src.tools.registry", "level": "info", "timestamp": "2026-08-26T20:55:13.946282Z"}
{"tool": "list_feature_tree_3d", "event": "tool.register", "logger": "src.tools.registry", "level": "info", "timestamp": "2026-08-26T20:55:13.946532Z"}
{"tool": "get_feature_info_3d", "event": "tool.register", "logger": "src.tools.registry", "level": "info", "timestamp": "2026-08-26T20:55:13.946779Z"}
{"tool": "update_feature_3d", "event": "tool.register", "logger": "src.tools.registry", "level": "info", "timestamp": "2026-08-26T20:55:13.947027Z"}
{"tool": "suppress_feature_3d", "event": "tool.register", "logger": "src.tools.registry", "level": "info", "timestamp": "2026-08-26T20:55:13.947280Z"}
HTTP Request: GET https://kompasmcp.ru/client/policy "HTTP/1.1 200 OK"
{"event": "local_authorized_server.initialize.success", "logger": "src.launcher.local_authorized_server", "level": "info", "timestamp": "2026-08-26T20:55:14.487066Z"}
Processing request of type ListToolsRequest
{"event": "local_authorized_server.initialize.start", "logger": "src.launcher.local_authorized_server", "level": "info", "timestamp": "2026-08-26T22:06:50.570393Z"}
{"worker": "COM", "event": "com_worker.thread.start", "logger": "src.kompas.com_worker", "level": "info", "timestamp": "2026-08-26T22:06:50.570779Z"}
{"event": "kompas.initialize.start", "logger": "src.kompas.connection", "level": "info", "timestamp": "2026-08-26T22:06:50.570893Z"}
{"dispatch": "Kompas.Application.7", "visible": false, "event": "kompas.dispatch.candidate", "logger": "src.kompas.connection", "level": "info", "timestamp": "2026-08-26T22:06:50.646284Z"}
{"dispatch": "Kompas.Application.5", "visible": false, "event": "kompas.dispatch.candidate", "logger": "src.kompas.connection", "level": "info", "timestamp": "2026-08-26T22:06:50.647554Z"}
{"dispatch": "Kompas.Application.7", "event": "kompas.dispatch.selected", "logger": "src.kompas.connection", "level": "info", "timestamp": "2026-08-26T22:06:50.647647Z"}
{"dispatch": "Kompas.Application.5", "wrapper": "KompasObject", "error": "(-2147467262, '\u0418\u043d\u0442\u0435\u0440\u0444\u0435\u0439\u0441 \u043d\u0435 \u043f\u043e\u0434\u0434\u0435\u0440\u0436\u0438\u0432\u0430\u0435\u0442\u0441\u044f', None, None)", "event": "kompas.dispatch.query_interface_failed", "logger": "src.kompas.connection", "level": "warning", "timestamp": "2026-08-26T22:06:50.648627Z"}
{"event": "kompas.initialize.success", "logger": "src.kompas.connection", "level": "info", "timestamp": "2026-08-26T22:06:50.651429Z"}
{"tool": "create_line", "event": "tool.register", "logger": "src.tools.registry", "level": "info", "timestamp": "2026-08-26T22:06:50.651832Z"}
{"tool": "create_polyline", "event": "tool.register", "logger": "src.tools.registry", "level": "info", "timestamp": "2026-08-26T22:06:50.651985Z"}
{"tool": "create_infinite_line", "event": "tool.register", "logger": "src.tools.registry", "level": "info", "timestamp": "2026-08-26T22:06:50.652108Z"}
{"tool": "create_circle", "event": "tool.register", "logger": "src.tools.registry", "level": "info", "timestamp": "2026-08-26T22:06:50.652207Z"}
{"tool": "create_arc", "event": "tool.register", "logger": "src.tools.registry", "level": "info", "timestamp": "2026-08-26T22:06:50.652313Z"}
{"tool": "create_angle_dimension", "event": "tool.register", "logger": "src.tools.registry", "level": "info", "timestamp": "2026-08-26T22:06:50.652591Z"}
{"tool": "create_arc_by_three_points", "event": "tool.register", "logger": "src.tools.registry", "level": "info", "timestamp": "2026-08-26T22:06:50.652893Z"}
{"tool": "create_point", "event": "tool.register", "logger": "src.tools.registry", "level": "info", "timestamp": "2026-08-26T22:06:50.653064Z"}
{"tool": "create_rectangle", "event": "tool.register", "logger": "src.tools.registry", "level": "info", "timestamp": "2026-08-26T22:06:50.653191Z"}
{"tool": "create_regular_polygon", "event": "tool.register", "logger": "src.tools.registry", "level": "info", "timestamp": "2026-08-26T22:06:50.653315Z"}
{"tool": "create_chamfer", "event": "tool.register", "logger": "src.tools.registry", "level": "info", "timestamp": "2026-08-26T22:06:50.653444Z"}
{"tool": "create_fillet", "event": "tool.register", "logger": "src.tools.registry", "level": "info", "timestamp": "2026-08-26T22:06:50.653545Z"}
{"tool": "create_ellipse", "event": "tool.register", "logger": "src.tools.registry", "level": "info", "timestamp": "2026-08-26T22:06:50.653637Z"}
{"tool": "create_ellipse_arc", "event": "tool.register", "logger": "src.tools.registry", "level": "info", "timestamp": "2026-08-26T22:06:50.653730Z"}
{"tool": "create_linear_dimension", "event": "tool.register", "logger": "src.tools.registry", "level": "info", "timestamp": "2026-08-26T22:06:50.653826Z"}
{"tool": "create_diameter_dimension", "event": "tool.register", "logger": "src.tools.registry", "level": "info", "timestamp": "2026-08-26T22:06:50.653919Z"}
{"tool": "create_radius_dimension", "event": "tool.register", "logger": "src.tools.registry", "level": "info", "timestamp": "2026-08-26T22:06:50.654011Z"}
{"tool": "dimension_between_objects", "event": "tool.register", "logger": "src.tools.registry", "level": "info", "timestamp": "2026-08-26T22:06:50.654132Z"}
{"tool": "auto_arrange_dimensions", "event": "tool.register", "logger": "src.tools.registry", "level": "info", "timestamp": "2026-08-26T22:06:50.654237Z"}
{"tool": "create_ordinate_dimension", "event": "tool.register", "logger": "src.tools.registry", "level": "info", "timestamp": "2026-08-26T22:06:50.654337Z"}
{"tool": "export_to_json", "event": "tool.register", "logger": "src.tools.registry", "level": "info", "timestamp": "2026-08-26T22:06:50.654497Z"}
{"tool": "list_objects", "event": "tool.register", "logger": "src.tools.registry", "level": "info", "timestamp": "2026-08-26T22:06:50.654641Z"}
{"tool": "get_object_info", "event": "tool.register", "logger": "src.tools.registry", "level": "info", "timestamp": "2026-08-26T22:06:50.654736Z"}
{"tool": "find_object_by_point", "event": "tool.register", "logger": "src.tools.registry", "level": "info", "timestamp": "2026-08-26T22:06:50.654822Z"}
{"tool": "delete_object", "event": "tool.register", "logger": "src.tools.registry", "level": "info", "timestamp": "2026-08-26T22:06:50.654908Z"}
{"tool": "move_object", "event": "tool.register", "logger": "src.tools.registry", "level": "info", "timestamp": "2026-08-26T22:06:50.654988Z"}
{"tool": "transform_object", "event": "tool.register", "logger": "src.tools.registry", "level": "info", "timestamp": "2026-08-26T22:06:50.655071Z"}
{"tool": "symmetry_object", "event": "tool.register", "logger": "src.tools.registry", "level": "info", "timestamp": "2026-08-26T22:06:50.655161Z"}
{"tool": "update_circle", "event": "tool.register", "logger": "src.tools.registry", "level": "info", "timestamp": "2026-08-26T22:06:50.655248Z"}
{"tool": "update_line", "event": "tool.register", "logger": "src.tools.registry", "level": "info", "timestamp": "2026-08-26T22:06:50.655333Z"}
{"tool": "measure_distance", "event": "tool.register", "logger": "src.tools.registry", "level": "info", "timestamp": "2026-08-26T22:06:50.655427Z"}
{"tool": "measure_length", "event": "tool.register", "logger": "src.tools.registry", "level": "info", "timestamp": "2026-08-26T22:06:50.655513Z"}
{"tool": "measure_angle", "event": "tool.register", "logger": "src.tools.registry", "level": "info", "timestamp": "2026-08-26T22:06:50.655593Z"}
{"tool": "measure_area", "event": "tool.register", "logger": "src.tools.registry", "level": "info", "timestamp": "2026-08-26T22:06:50.655670Z"}
{"tool": "check_intersection", "event": "tool.register", "logger": "src.tools.registry", "level": "info", "timestamp": "2026-08-26T22:06:50.655748Z"}
{"tool": "save_document", "event": "tool.register", "logger": "src.tools.registry", "level": "info", "timestamp": "2026-08-26T22:06:50.655824Z"}
{"tool": "export_to_dxf", "event": "tool.register", "logger": "src.tools.registry", "level": "info", "timestamp": "2026-08-26T22:06:50.655896Z"}
{"tool": "open_document", "event": "tool.register", "logger": "src.tools.registry", "level": "info", "timestamp": "2026-08-26T22:06:50.655967Z"}
{"tool": "create_document", "event": "tool.register", "logger": "src.tools.registry", "level": "info", "timestamp": "2026-08-26T22:06:50.656043Z"}
{"tool": "list_open_documents", "event": "tool.register", "logger": "src.tools.registry", "level": "info", "timestamp": "2026-08-26T22:06:50.656122Z"}
{"tool": "get_active_document", "event": "tool.register", "logger": "src.tools.registry", "level": "info", "timestamp": "2026-08-26T22:06:50.656196Z"}
{"tool": "activate_document", "event": "tool.register", "logger": "src.tools.registry", "level": "info", "timestamp": "2026-08-26T22:06:50.656275Z"}
{"tool": "close_document", "event": "tool.register", "logger": "src.tools.registry", "level": "info", "timestamp": "2026-08-26T22:06:50.656353Z"}
{"tool": "close_all_documents", "event": "tool.register", "logger": "src.tools.registry", "level": "info", "timestamp": "2026-08-26T22:06:50.656428Z"}
{"tool": "close_all_except_documents", "event": "tool.register", "logger": "src.tools.registry", "level": "info", "timestamp": "2026-08-26T22:06:50.656503Z"}
{"tool": "create_standard_sheet", "event": "tool.register", "logger": "src.tools.registry", "level": "info", "timestamp": "2026-08-26T22:06:50.656593Z"}
{"tool": "checkpoint_create", "event": "tool.register", "logger": "src.tools.registry", "level": "info", "timestamp": "2026-08-26T22:06:50.657073Z"}
{"tool": "checkpoint_restore", "event": "tool.register", "logger": "src.tools.registry", "level": "info", "timestamp": "2026-08-26T22:06:50.657764Z"}
{"tool": "begin_transaction", "event": "tool.register", "logger": "src.tools.registry", "level": "info", "timestamp": "2026-08-26T22:06:50.658174Z"}
{"tool": "commit_transaction", "event": "tool.register", "logger": "src.tools.registry", "level": "info", "timestamp": "2026-08-26T22:06:50.658564Z"}
{"tool": "rollback_transaction", "event": "tool.register", "logger": "src.tools.registry", "level": "info", "timestamp": "2026-08-26T22:06:50.658998Z"}
{"tool": "get_active_context", "event": "tool.register", "logger": "src.tools.registry", "level": "info", "timestamp": "2026-08-26T22:06:50.659093Z"}
{"tool": "set_active_context", "event": "tool.register", "logger": "src.tools.registry", "level": "info", "timestamp": "2026-08-26T22:06:50.659178Z"}
{"tool": "set_active_view", "event": "tool.register", "logger": "src.tools.registry", "level": "info", "timestamp": "2026-08-26T22:06:50.659254Z"}
{"tool": "create_view", "event": "tool.register", "logger": "src.tools.registry", "level": "info", "timestamp": "2026-08-26T22:06:50.659329Z"}
{"tool": "create_view_layout", "event": "tool.register", "logger": "src.tools.registry", "level": "info", "timestamp": "2026-08-26T22:06:50.659480Z"}
{"tool": "move_view", "event": "tool.register", "logger": "src.tools.registry", "level": "info", "timestamp": "2026-08-26T22:06:50.659606Z"}
{"tool": "validate_drawing_layout", "event": "tool.register", "logger": "src.tools.registry", "level": "info", "timestamp": "2026-08-26T22:06:50.659720Z"}
{"tool": "fill_drawing_stamp", "event": "tool.register", "logger": "src.tools.registry", "level": "info", "timestamp": "2026-08-26T22:06:50.659838Z"}
{"tool": "create_drawing_table", "event": "tool.register", "logger": "src.tools.registry", "level": "info", "timestamp": "2026-08-26T22:06:50.659962Z"}
{"tool": "create_parts_table", "event": "tool.register", "logger": "src.tools.registry", "level": "info", "timestamp": "2026-08-26T22:06:50.660069Z"}
{"tool": "read_drawing_table", "event": "tool.register", "logger": "src.tools.registry", "level": "info", "timestamp": "2026-08-26T22:06:50.660154Z"}
{"tool": "update_drawing_table", "event": "tool.register", "logger": "src.tools.registry", "level": "info", "timestamp": "2026-08-26T22:06:50.660235Z"}
{"tool": "write_csv_artifact", "event": "tool.register", "logger": "src.tools.registry", "level": "info", "timestamp": "2026-08-26T22:06:50.660319Z"}
{"tool": "create_position_leader", "event": "tool.register", "logger": "src.tools.registry", "level": "info", "timestamp": "2026-08-26T22:06:50.660413Z"}
{"tool": "arrange_position_leaders", "event": "tool.register", "logger": "src.tools.registry", "level": "info", "timestamp": "2026-08-26T22:06:50.660503Z"}
{"tool": "probe_drawing_stamp_cells", "event": "tool.register", "logger": "src.tools.registry", "level": "info", "timestamp": "2026-08-26T22:06:50.660603Z"}
{"tool": "fill_title_block", "event": "tool.register", "logger": "src.tools.registry", "level": "info", "timestamp": "2026-08-26T22:06:50.660706Z"}
{"tool": "insert_raster_image", "event": "tool.register", "logger": "src.tools.registry", "level": "info", "timestamp": "2026-08-26T22:06:50.660805Z"}
{"tool": "create_color_view_raster", "event": "tool.register", "logger": "src.tools.registry", "level": "info", "timestamp": "2026-08-26T22:06:50.660895Z"}
{"tool": "screenshot_document", "event": "tool.register", "logger": "src.tools.registry", "level": "info", "timestamp": "2026-08-26T22:06:50.660998Z"}
{"tool": "create_layer", "event": "tool.register", "logger": "src.tools.registry", "level": "info", "timestamp": "2026-08-26T22:06:50.661084Z"}
{"tool": "set_active_layer", "event": "tool.register", "logger": "src.tools.registry", "level": "info", "timestamp": "2026-08-26T22:06:50.661159Z"}
{"tool": "set_object_layer", "event": "tool.register", "logger": "src.tools.registry", "level": "info", "timestamp": "2026-08-26T22:06:50.661232Z"}
{"tool": "create_text", "event": "tool.register", "logger": "src.tools.registry", "level": "info", "timestamp": "2026-08-26T22:06:50.661314Z"}
{"tool": "batch_execute", "event": "tool.register", "logger": "src.tools.registry", "level": "info", "timestamp": "2026-08-26T22:06:50.661394Z"}
{"tool": "execute_python_script", "event": "tool.register", "logger": "src.tools.registry", "level": "info", "timestamp": "2026-08-26T22:06:50.661471Z"}
{"tool": "execute_geometry_script", "event": "tool.register", "logger": "src.tools.registry", "level": "info", "timestamp": "2026-08-26T22:06:50.661612Z"}
{"tool": "execute_tdcad_script", "event": "tool.register", "logger": "src.tools.registry", "level": "info", "timestamp": "2026-08-26T22:06:50.661706Z"}
{"tool": "calculate_model_math", "event": "tool.register", "logger": "src.tools.registry", "level": "info", "timestamp": "2026-08-26T22:06:50.661792Z"}
{"tool": "measure_model_properties", "event": "tool.register", "logger": "src.tools.registry", "level": "info", "timestamp": "2026-08-26T22:06:50.661883Z"}
{"tool": "solve_model_goal", "event": "tool.register", "logger": "src.tools.registry", "level": "info", "timestamp": "2026-08-26T22:06:50.661979Z"}
{"tool": "describe_tool", "event": "tool.register", "logger": "src.tools.registry", "level": "info", "timestamp": "2026-08-26T22:06:50.662065Z"}
{"tool": "get_environment", "event": "tool.register", "logger": "src.tools.registry", "level": "info", "timestamp": "2026-08-26T22:06:50.662139Z"}
{"tool": "get_state_summary", "event": "tool.register", "logger": "src.tools.registry", "level": "info", "timestamp": "2026-08-26T22:06:50.662210Z"}
{"tool": "get_geometry_digest", "event": "tool.register", "logger": "src.tools.registry", "level": "info", "timestamp": "2026-08-26T22:06:50.662280Z"}
{"tool": "snapshot_state", "event": "tool.register", "logger": "src.tools.registry", "level": "info", "timestamp": "2026-08-26T22:06:50.662550Z"}
{"tool": "search_kompas_api_graph", "event": "tool.register", "logger": "src.tools.registry", "level": "info", "timestamp": "2026-08-26T22:06:50.662652Z"}
{"tool": "get_kompas_api_symbol", "event": "tool.register", "logger": "src.tools.registry", "level": "info", "timestamp": "2026-08-26T22:06:50.662736Z"}
{"tool": "list_kompas_api_transitions", "event": "tool.register", "logger": "src.tools.registry", "level": "info", "timestamp": "2026-08-26T22:06:50.662821Z"}
{"tool": "find_kompas_api_capability", "event": "tool.register", "logger": "src.tools.registry", "level": "info", "timestamp": "2026-08-26T22:06:50.662902Z"}
{"tool": "validate_kompas_api_capability", "event": "tool.register", "logger": "src.tools.registry", "level": "info", "timestamp": "2026-08-26T22:06:50.662995Z"}
{"tool": "preflight_context", "event": "tool.register", "logger": "src.tools.registry", "level": "info", "timestamp": "2026-08-26T22:06:50.663078Z"}
{"tool": "safe_feature_create", "event": "tool.register", "logger": "src.tools.registry", "level": "info", "timestamp": "2026-08-26T22:06:50.663349Z"}
{"tool": "resolve_selection", "event": "tool.register", "logger": "src.tools.registry", "level": "info", "timestamp": "2026-08-26T22:06:50.663458Z"}
{"tool": "resolve_selection_3d", "event": "tool.register", "logger": "src.tools.registry", "level": "info", "timestamp": "2026-08-26T22:06:50.663554Z"}
{"tool": "snapshot_diff", "event": "tool.register", "logger": "src.tools.registry", "level": "info", "timestamp": "2026-08-26T22:06:50.663825Z"}
{"tool": "validation_inspect", "event": "tool.register", "logger": "src.tools.registry", "level": "info", "timestamp": "2026-08-26T22:06:50.664106Z"}
{"tool": "repair_attempt", "event": "tool.register", "logger": "src.tools.registry", "level": "info", "timestamp": "2026-08-26T22:06:50.664208Z"}
{"tool": "runtime_memory", "event": "tool.register", "logger": "src.tools.registry", "level": "info", "timestamp": "2026-08-26T22:06:50.664297Z"}
{"tool": "create_change_container", "event": "tool.register", "logger": "src.tools.registry", "level": "info", "timestamp": "2026-08-26T22:06:50.664693Z"}
{"tool": "list_change_containers", "event": "tool.register", "logger": "src.tools.registry", "level": "info", "timestamp": "2026-08-26T22:06:50.665074Z"}
{"tool": "activate_change_container", "event": "tool.register", "logger": "src.tools.registry", "level": "info", "timestamp": "2026-08-26T22:06:50.665456Z"}
{"tool": "checkpoint_change_container", "event": "tool.register", "logger": "src.tools.registry", "level": "info", "timestamp": "2026-08-26T22:06:50.665840Z"}
{"tool": "restore_change_container_checkpoint", "event": "tool.register", "logger": "src.tools.registry", "level": "info", "timestamp": "2026-08-26T22:06:50.666226Z"}
{"tool": "discard_change_container", "event": "tool.register", "logger": "src.tools.registry", "level": "info", "timestamp": "2026-08-26T22:06:50.666626Z"}
{"tool": "promote_change_container", "event": "tool.register", "logger": "src.tools.registry", "level": "info", "timestamp": "2026-08-26T22:06:50.667020Z"}
{"tool": "diff_change_containers", "event": "tool.register", "logger": "src.tools.registry", "level": "info", "timestamp": "2026-08-26T22:06:50.667667Z"}
{"tool": "scenario_runner", "event": "tool.register", "logger": "src.tools.registry", "level": "info", "timestamp": "2026-08-26T22:06:50.667793Z"}
{"tool": "verify_geometry", "event": "tool.register", "logger": "src.tools.registry", "level": "info", "timestamp": "2026-08-26T22:06:50.667927Z"}
{"tool": "list_script_helpers", "event": "tool.register", "logger": "src.tools.registry", "level": "info", "timestamp": "2026-08-26T22:06:50.668048Z"}
{"tool": "execute_kompas_command", "event": "tool.register", "logger": "src.tools.registry", "level": "info", "timestamp": "2026-08-26T22:06:50.668153Z"}
{"tool": "attach_kompas_library", "event": "tool.register", "logger": "src.tools.registry", "level": "info", "timestamp": "2026-08-26T22:06:50.668242Z"}
{"tool": "detach_kompas_library", "event": "tool.register", "logger": "src.tools.registry", "level": "info", "timestamp": "2026-08-26T22:06:50.668319Z"}
{"tool": "execute_kompas_library_command", "event": "tool.register", "logger": "src.tools.registry", "level": "info", "timestamp": "2026-08-26T22:06:50.668396Z"}
{"tool": "execute_kompas_library_command_ex", "event": "tool.register", "logger": "src.tools.registry", "level": "info", "timestamp": "2026-08-26T22:06:50.668473Z"}
{"tool": "execute_library_command_by_path", "event": "tool.register", "logger": "src.tools.registry", "level": "info", "timestamp": "2026-08-26T22:06:50.668550Z"}
{"tool": "list_procedure_libraries", "event": "tool.register", "logger": "src.tools.registry", "level": "info", "timestamp": "2026-08-26T22:06:50.668622Z"}
{"tool": "list_procedure_library_commands", "event": "tool.register", "logger": "src.tools.registry", "level": "info", "timestamp": "2026-08-26T22:06:50.668694Z"}
{"tool": "create_document_3d", "event": "tool.register", "logger": "src.tools.registry", "level": "info", "timestamp": "2026-08-26T22:06:50.668960Z"}
{"tool": "get_3d_context", "event": "tool.register", "logger": "src.tools.registry", "level": "info", "timestamp": "2026-08-26T22:06:50.669232Z"}
{"tool": "set_part_properties_3d", "event": "tool.register", "logger": "src.tools.registry", "level": "info", "timestamp": "2026-08-26T22:06:50.669501Z"}
{"tool": "save_document_3d", "event": "tool.register", "logger": "src.tools.registry", "level": "info", "timestamp": "2026-08-26T22:06:50.669770Z"}
{"tool": "set_3d_view", "event": "tool.register", "logger": "src.tools.registry", "level": "info", "timestamp": "2026-08-26T22:06:50.670043Z"}
{"tool": "rebuild_model_3d", "event": "tool.register", "logger": "src.tools.registry", "level": "info", "timestamp": "2026-08-26T22:06:50.670315Z"}
{"tool": "list_default_entities_3d", "event": "tool.register", "logger": "src.tools.registry", "level": "info", "timestamp": "2026-08-26T22:06:50.670580Z"}
{"tool": "list_bodies_3d", "event": "tool.register", "logger": "src.tools.registry", "level": "info", "timestamp": "2026-08-26T22:06:50.670846Z"}
{"tool": "set_body_properties_3d", "event": "tool.register", "logger": "src.tools.registry", "level": "info", "timestamp": "2026-08-26T22:06:50.671308Z"}
{"tool": "set_body_appearance_3d", "event": "tool.register", "logger": "src.tools.registry", "level": "info", "timestamp": "2026-08-26T22:06:50.671584Z"}
{"tool": "extract_multibody_parts_table", "event": "tool.register", "logger": "src.tools.registry", "level": "info", "timestamp": "2026-08-26T22:06:50.671857Z"}
{"tool": "list_faces_3d", "event": "tool.register", "logger": "src.tools.registry", "level": "info", "timestamp": "2026-08-26T22:06:50.672124Z"}
{"tool": "list_edges_3d", "event": "tool.register", "logger": "src.tools.registry", "level": "info", "timestamp": "2026-08-26T22:06:50.672397Z"}
{"tool": "get_topology_summary_3d", "event": "tool.register", "logger": "src.tools.registry", "level": "info", "timestamp": "2026-08-26T22:06:50.672661Z"}
{"tool": "create_offset_plane_3d", "event": "tool.register", "logger": "src.tools.registry", "level": "info", "timestamp": "2026-08-26T22:06:50.672925Z"}
{"tool": "create_sketch_3d", "event": "tool.register", "logger": "src.tools.registry", "level": "info", "timestamp": "2026-08-26T22:06:50.673194Z"}
{"tool": "update_sketch_3d", "event": "tool.register", "logger": "src.tools.registry", "level": "info", "timestamp": "2026-08-26T22:06:50.673580Z"}
{"tool": "close_sketch_3d", "event": "tool.register", "logger": "src.tools.registry", "level": "info", "timestamp": "2026-08-26T22:06:50.673936Z"}
{"tool": "create_revolve_boss_3d", "event": "tool.register", "logger": "src.tools.registry", "level": "info", "timestamp": "2026-08-26T22:06:50.674205Z"}
{"tool": "create_edge_fillet_3d", "event": "tool.register", "logger": "src.tools.registry", "level": "info", "timestamp": "2026-08-26T22:06:50.674472Z"}
{"tool": "create_edge_chamfer_3d", "event": "tool.register", "logger": "src.tools.registry", "level": "info", "timestamp": "2026-08-26T22:06:50.674743Z"}
{"tool": "create_extrude_boss_3d", "event": "tool.register", "logger": "src.tools.registry", "level": "info", "timestamp": "2026-08-26T22:06:50.675022Z"}
{"tool": "create_extrude_cut_3d", "event": "tool.register", "logger": "src.tools.registry", "level": "info", "timestamp": "2026-08-26T22:06:50.675302Z"}
{"tool": "create_cylindrical_helix_3d", "event": "tool.register", "logger": "src.tools.registry", "level": "info", "timestamp": "2026-08-26T22:06:50.675575Z"}
{"tool": "create_sweep_cut_3d", "event": "tool.register", "logger": "src.tools.registry", "level": "info", "timestamp": "2026-08-26T22:06:50.675847Z"}
{"tool": "create_circular_pattern_3d", "event": "tool.register", "logger": "src.tools.registry", "level": "info", "timestamp": "2026-08-26T22:06:50.676119Z"}
{"tool": "create_linear_pattern_3d", "event": "tool.register", "logger": "src.tools.registry", "level": "info", "timestamp": "2026-08-26T22:06:50.676388Z"}
{"tool": "create_sweep_boss_3d", "event": "tool.register", "logger": "src.tools.registry", "level": "info", "timestamp": "2026-08-26T22:06:50.676658Z"}
{"tool": "create_loft_boss_3d", "event": "tool.register", "logger": "src.tools.registry", "level": "info", "timestamp": "2026-08-26T22:06:50.676921Z"}
{"tool": "create_loft_cut_3d", "event": "tool.register", "logger": "src.tools.registry", "level": "info", "timestamp": "2026-08-26T22:06:50.677182Z"}
{"tool": "create_shell_3d", "event": "tool.register", "logger": "src.tools.registry", "level": "info", "timestamp": "2026-08-26T22:06:50.677445Z"}
{"tool": "create_draft_3d", "event": "tool.register", "logger": "src.tools.registry", "level": "info", "timestamp": "2026-08-26T22:06:50.677711Z"}
{"tool": "create_rib_3d", "event": "tool.register", "logger": "src.tools.registry", "level": "info", "timestamp": "2026-08-26T22:06:50.677976Z"}
{"tool": "list_feature_tree_3d", "event": "tool.register", "logger": "src.tools.registry", "level": "info", "timestamp": "2026-08-26T22:06:50.678239Z"}
{"tool": "get_feature_info_3d", "event": "tool.register", "logger": "src.tools.registry", "level": "info", "timestamp": "2026-08-26T22:06:50.678497Z"}
{"tool": "update_feature_3d", "event": "tool.register", "logger": "src.tools.registry", "level": "info", "timestamp": "2026-08-26T22:06:50.678758Z"}
{"tool": "suppress_feature_3d", "event": "tool.register", "logger": "src.tools.registry", "level": "info", "timestamp": "2026-08-26T22:06:50.679018Z"}
HTTP Request: GET https://kompasmcp.ru/client/policy "HTTP/1.1 200 OK"
{"event": "local_authorized_server.initialize.success", "logger": "src.launcher.local_authorized_server", "level": "info", "timestamp": "2026-08-26T22:06:51.593675Z"}
Processing request of type ListToolsRequest
{"event": "local_authorized_server.initialize.start", "logger": "src.launcher.local_authorized_server", "level": "info", "timestamp": "2026-08-28T09:57:01.076367Z"}
{"worker": "COM", "event": "com_worker.thread.start", "logger": "src.kompas.com_worker", "level": "info", "timestamp": "2026-08-28T09:57:01.077489Z"}
{"event": "kompas.initialize.start", "logger": "src.kompas.connection", "level": "info", "timestamp": "2026-08-28T09:57:01.077593Z"}
{"dispatch": "Kompas.Application.7", "visible": false, "event": "kompas.dispatch.candidate", "logger": "src.kompas.connection", "level": "info", "timestamp": "2026-08-28T09:57:01.196722Z"}
{"dispatch": "Kompas.Application.5", "visible": false, "event": "kompas.dispatch.candidate", "logger": "src.kompas.connection", "level": "info", "timestamp": "2026-08-28T09:57:01.199291Z"}
{"dispatch": "Kompas.Application.7", "event": "kompas.dispatch.selected", "logger": "src.kompas.connection", "level": "info", "timestamp": "2026-08-28T09:57:01.199367Z"}
{"dispatch": "Kompas.Application.5", "wrapper": "KompasObject", "error": "(-2147467262, '\u0418\u043d\u0442\u0435\u0440\u0444\u0435\u0439\u0441 \u043d\u0435 \u043f\u043e\u0434\u0434\u0435\u0440\u0436\u0438\u0432\u0430\u0435\u0442\u0441\u044f', None, None)", "event": "kompas.dispatch.query_interface_failed", "logger": "src.kompas.connection", "level": "warning", "timestamp": "2026-08-28T09:57:01.200565Z"}
{"event": "kompas.initialize.success", "logger": "src.kompas.connection", "level": "info", "timestamp": "2026-08-28T09:57:01.203691Z"}
{"tool": "create_line", "event": "tool.register", "logger": "src.tools.registry", "level": "info", "timestamp": "2026-08-28T09:57:01.204823Z"}
{"tool": "create_polyline", "event": "tool.register", "logger": "src.tools.registry", "level": "info", "timestamp": "2026-08-28T09:57:01.205106Z"}
{"tool": "create_infinite_line", "event": "tool.register", "logger": "src.tools.registry", "level": "info", "timestamp": "2026-08-28T09:57:01.205499Z"}
{"tool": "create_circle", "event": "tool.register", "logger": "src.tools.registry", "level": "info", "timestamp": "2026-08-28T09:57:01.205740Z"}
{"tool": "create_arc", "event": "tool.register", "logger": "src.tools.registry", "level": "info", "timestamp": "2026-08-28T09:57:01.206120Z"}
{"tool": "create_angle_dimension", "event": "tool.register", "logger": "src.tools.registry", "level": "info", "timestamp": "2026-08-28T09:57:01.206381Z"}
{"tool": "create_arc_by_three_points", "event": "tool.register", "logger": "src.tools.registry", "level": "info", "timestamp": "2026-08-28T09:57:01.206614Z"}
{"tool": "create_point", "event": "tool.register", "logger": "src.tools.registry", "level": "info", "timestamp": "2026-08-28T09:57:01.206872Z"}
{"tool": "create_rectangle", "event": "tool.register", "logger": "src.tools.registry", "level": "info", "timestamp": "2026-08-28T09:57:01.207118Z"}
{"tool": "create_regular_polygon", "event": "tool.register", "logger": "src.tools.registry", "level": "info", "timestamp": "2026-08-28T09:57:01.207228Z"}
{"tool": "create_chamfer", "event": "tool.register", "logger": "src.tools.registry", "level": "info", "timestamp": "2026-08-28T09:57:01.207625Z"}
{"tool": "create_fillet", "event": "tool.register", "logger": "src.tools.registry", "level": "info", "timestamp": "2026-08-28T09:57:01.207761Z"}
{"tool": "create_ellipse", "event": "tool.register", "logger": "src.tools.registry", "level": "info", "timestamp": "2026-08-28T09:57:01.208048Z"}
{"tool": "create_ellipse_arc", "event": "tool.register", "logger": "src.tools.registry", "level": "info", "timestamp": "2026-08-28T09:57:01.208347Z"}
{"tool": "create_linear_dimension", "event": "tool.register", "logger": "src.tools.registry", "level": "info", "timestamp": "2026-08-28T09:57:01.208629Z"}
{"tool": "create_diameter_dimension", "event": "tool.register", "logger": "src.tools.registry", "level": "info", "timestamp": "2026-08-28T09:57:01.208888Z"}
{"tool": "create_radius_dimension", "event": "tool.register", "logger": "src.tools.registry", "level": "info", "timestamp": "2026-08-28T09:57:01.209146Z"}
{"tool": "dimension_between_objects", "event": "tool.register", "logger": "src.tools.registry", "level": "info", "timestamp": "2026-08-28T09:57:01.209961Z"}
{"tool": "auto_arrange_dimensions", "event": "tool.register", "logger": "src.tools.registry", "level": "info", "timestamp": "2026-08-28T09:57:01.210089Z"}
{"tool": "create_ordinate_dimension", "event": "tool.register", "logger": "src.tools.registry", "level": "info", "timestamp": "2026-08-28T09:57:01.210349Z"}
{"tool": "export_to_json", "event": "tool.register", "logger": "src.tools.registry", "level": "info", "timestamp": "2026-08-28T09:57:01.211305Z"}
{"tool": "list_objects", "event": "tool.register", "logger": "src.tools.registry", "level": "info", "timestamp": "2026-08-28T09:57:01.211622Z"}
{"tool": "get_object_info", "event": "tool.register", "logger": "src.tools.registry", "level": "info", "timestamp": "2026-08-28T09:57:01.211735Z"}
{"tool": "find_object_by_point", "event": "tool.register", "logger": "src.tools.registry", "level": "info", "timestamp": "2026-08-28T09:57:01.211973Z"}
{"tool": "delete_object", "event": "tool.register", "logger": "src.tools.registry", "level": "info", "timestamp": "2026-08-28T09:57:01.212275Z"}
{"tool": "move_object", "event": "tool.register", "logger": "src.tools.registry", "level": "info", "timestamp": "2026-08-28T09:57:01.212376Z"}
{"tool": "transform_object", "event": "tool.register", "logger": "src.tools.registry", "level": "info", "timestamp": "2026-08-28T09:57:01.212469Z"}
{"tool": "symmetry_object", "event": "tool.register", "logger": "src.tools.registry", "level": "info", "timestamp": "2026-08-28T09:57:01.212712Z"}
{"tool": "update_circle", "event": "tool.register", "logger": "src.tools.registry", "level": "info", "timestamp": "2026-08-28T09:57:01.212965Z"}
{"tool": "update_line", "event": "tool.register", "logger": "src.tools.registry", "level": "info", "timestamp": "2026-08-28T09:57:01.213067Z"}
{"tool": "measure_distance", "event": "tool.register", "logger": "src.tools.registry", "level": "info", "timestamp": "2026-08-28T09:57:01.213464Z"}
{"tool": "measure_length", "event": "tool.register", "logger": "src.tools.registry", "level": "info", "timestamp": "2026-08-28T09:57:01.213569Z"}
{"tool": "measure_angle", "event": "tool.register", "logger": "src.tools.registry", "level": "info", "timestamp": "2026-08-28T09:57:01.213657Z"}
{"tool": "measure_area", "event": "tool.register", "logger": "src.tools.registry", "level": "info", "timestamp": "2026-08-28T09:57:01.213744Z"}
{"tool": "check_intersection", "event": "tool.register", "logger": "src.tools.registry", "level": "info", "timestamp": "2026-08-28T09:57:01.213963Z"}
{"tool": "save_document", "event": "tool.register", "logger": "src.tools.registry", "level": "info", "timestamp": "2026-08-28T09:57:01.214052Z"}
{"tool": "export_to_dxf", "event": "tool.register", "logger": "src.tools.registry", "level": "info", "timestamp": "2026-08-28T09:57:01.214284Z"}
{"tool": "open_document", "event": "tool.register", "logger": "src.tools.registry", "level": "info", "timestamp": "2026-08-28T09:57:01.214374Z"}
{"tool": "create_document", "event": "tool.register", "logger": "src.tools.registry", "level": "info", "timestamp": "2026-08-28T09:57:01.214611Z"}
{"tool": "list_open_documents", "event": "tool.register", "logger": "src.tools.registry", "level": "info", "timestamp": "2026-08-28T09:57:01.214973Z"}
{"tool": "get_active_document", "event": "tool.register", "logger": "src.tools.registry", "level": "info", "timestamp": "2026-08-28T09:57:01.215063Z"}
{"tool": "activate_document", "event": "tool.register", "logger": "src.tools.registry", "level": "info", "timestamp": "2026-08-28T09:57:01.215147Z"}
{"tool": "close_document", "event": "tool.register", "logger": "src.tools.registry", "level": "info", "timestamp": "2026-08-28T09:57:01.215232Z"}
{"tool": "close_all_documents", "event": "tool.register", "logger": "src.tools.registry", "level": "info", "timestamp": "2026-08-28T09:57:01.215436Z"}
{"tool": "close_all_except_documents", "event": "tool.register", "logger": "src.tools.registry", "level": "info", "timestamp": "2026-08-28T09:57:01.215531Z"}
{"tool": "create_standard_sheet", "event": "tool.register", "logger": "src.tools.registry", "level": "info", "timestamp": "2026-08-28T09:57:01.216057Z"}
{"tool": "checkpoint_create", "event": "tool.register", "logger": "src.tools.registry", "level": "info", "timestamp": "2026-08-28T09:57:01.216665Z"}
{"tool": "checkpoint_restore", "event": "tool.register", "logger": "src.tools.registry", "level": "info", "timestamp": "2026-08-28T09:57:01.217338Z"}
{"tool": "begin_transaction", "event": "tool.register", "logger": "src.tools.registry", "level": "info", "timestamp": "2026-08-28T09:57:01.218170Z"}
{"tool": "commit_transaction", "event": "tool.register", "logger": "src.tools.registry", "level": "info", "timestamp": "2026-08-28T09:57:01.218572Z"}
{"tool": "rollback_transaction", "event": "tool.register", "logger": "src.tools.registry", "level": "info", "timestamp": "2026-08-28T09:57:01.218967Z"}
{"tool": "get_active_context", "event": "tool.register", "logger": "src.tools.registry", "level": "info", "timestamp": "2026-08-28T09:57:01.219064Z"}
{"tool": "set_active_context", "event": "tool.register", "logger": "src.tools.registry", "level": "info", "timestamp": "2026-08-28T09:57:01.219159Z"}
{"tool": "set_active_view", "event": "tool.register", "logger": "src.tools.registry", "level": "info", "timestamp": "2026-08-28T09:57:01.219387Z"}
{"tool": "create_view", "event": "tool.register", "logger": "src.tools.registry", "level": "info", "timestamp": "2026-08-28T09:57:01.219483Z"}
{"tool": "create_view_layout", "event": "tool.register", "logger": "src.tools.registry", "level": "info", "timestamp": "2026-08-28T09:57:01.219581Z"}
{"tool": "move_view", "event": "tool.register", "logger": "src.tools.registry", "level": "info", "timestamp": "2026-08-28T09:57:01.219677Z"}
{"tool": "validate_drawing_layout", "event": "tool.register", "logger": "src.tools.registry", "level": "info", "timestamp": "2026-08-28T09:57:01.219920Z"}
{"tool": "fill_drawing_stamp", "event": "tool.register", "logger": "src.tools.registry", "level": "info", "timestamp": "2026-08-28T09:57:01.220294Z"}
{"tool": "create_drawing_table", "event": "tool.register", "logger": "src.tools.registry", "level": "info", "timestamp": "2026-08-28T09:57:01.220559Z"}
{"tool": "create_parts_table", "event": "tool.register", "logger": "src.tools.registry", "level": "info", "timestamp": "2026-08-28T09:57:01.220670Z"}
{"tool": "read_drawing_table", "event": "tool.register", "logger": "src.tools.registry", "level": "info", "timestamp": "2026-08-28T09:57:01.220891Z"}
{"tool": "update_drawing_table", "event": "tool.register", "logger": "src.tools.registry", "level": "info", "timestamp": "2026-08-28T09:57:01.220987Z"}
{"tool": "write_csv_artifact", "event": "tool.register", "logger": "src.tools.registry", "level": "info", "timestamp": "2026-08-28T09:57:01.221077Z"}
{"tool": "create_position_leader", "event": "tool.register", "logger": "src.tools.registry", "level": "info", "timestamp": "2026-08-28T09:57:01.221323Z"}
{"tool": "arrange_position_leaders", "event": "tool.register", "logger": "src.tools.registry", "level": "info", "timestamp": "2026-08-28T09:57:01.221430Z"}
{"tool": "probe_drawing_stamp_cells", "event": "tool.register", "logger": "src.tools.registry", "level": "info", "timestamp": "2026-08-28T09:57:01.221675Z"}
{"tool": "fill_title_block", "event": "tool.register", "logger": "src.tools.registry", "level": "info", "timestamp": "2026-08-28T09:57:01.221925Z"}
{"tool": "insert_raster_image", "event": "tool.register", "logger": "src.tools.registry", "level": "info", "timestamp": "2026-08-28T09:57:01.222188Z"}
{"tool": "create_color_view_raster", "event": "tool.register", "logger": "src.tools.registry", "level": "info", "timestamp": "2026-08-28T09:57:01.222293Z"}
{"tool": "screenshot_document", "event": "tool.register", "logger": "src.tools.registry", "level": "info", "timestamp": "2026-08-28T09:57:01.222555Z"}
{"tool": "create_layer", "event": "tool.register", "logger": "src.tools.registry", "level": "info", "timestamp": "2026-08-28T09:57:01.222652Z"}
{"tool": "set_active_layer", "event": "tool.register", "logger": "src.tools.registry", "level": "info", "timestamp": "2026-08-28T09:57:01.222882Z"}
{"tool": "set_object_layer", "event": "tool.register", "logger": "src.tools.registry", "level": "info", "timestamp": "2026-08-28T09:57:01.223009Z"}
{"tool": "create_text", "event": "tool.register", "logger": "src.tools.registry", "level": "info", "timestamp": "2026-08-28T09:57:01.223293Z"}
{"tool": "batch_execute", "event": "tool.register", "logger": "src.tools.registry", "level": "info", "timestamp": "2026-08-28T09:57:01.223437Z"}
{"tool": "execute_python_script", "event": "tool.register", "logger": "src.tools.registry", "level": "info", "timestamp": "2026-08-28T09:57:01.223723Z"}
{"tool": "execute_geometry_script", "event": "tool.register", "logger": "src.tools.registry", "level": "info", "timestamp": "2026-08-28T09:57:01.224179Z"}
{"tool": "execute_tdcad_script", "event": "tool.register", "logger": "src.tools.registry", "level": "info", "timestamp": "2026-08-28T09:57:01.224431Z"}
{"tool": "calculate_model_math", "event": "tool.register", "logger": "src.tools.registry", "level": "info", "timestamp": "2026-08-28T09:57:01.224730Z"}
{"tool": "measure_model_properties", "event": "tool.register", "logger": "src.tools.registry", "level": "info", "timestamp": "2026-08-28T09:57:01.225010Z"}
{"tool": "solve_model_goal", "event": "tool.register", "logger": "src.tools.registry", "level": "info", "timestamp": "2026-08-28T09:57:01.225281Z"}
{"tool": "describe_tool", "event": "tool.register", "logger": "src.tools.registry", "level": "info", "timestamp": "2026-08-28T09:57:01.225384Z"}
{"tool": "get_environment", "event": "tool.register", "logger": "src.tools.registry", "level": "info", "timestamp": "2026-08-28T09:57:01.225466Z"}
{"tool": "get_state_summary", "event": "tool.register", "logger": "src.tools.registry", "level": "info", "timestamp": "2026-08-28T09:57:01.225693Z"}
{"tool": "get_geometry_digest", "event": "tool.register", "logger": "src.tools.registry", "level": "info", "timestamp": "2026-08-28T09:57:01.225786Z"}
{"tool": "snapshot_state", "event": "tool.register", "logger": "src.tools.registry", "level": "info", "timestamp": "2026-08-28T09:57:01.226205Z"}
{"tool": "search_kompas_api_graph", "event": "tool.register", "logger": "src.tools.registry", "level": "info", "timestamp": "2026-08-28T09:57:01.226450Z"}
{"tool": "get_kompas_api_symbol", "event": "tool.register", "logger": "src.tools.registry", "level": "info", "timestamp": "2026-08-28T09:57:01.226551Z"}
{"tool": "list_kompas_api_transitions", "event": "tool.register", "logger": "src.tools.registry", "level": "info", "timestamp": "2026-08-28T09:57:01.226643Z"}
{"tool": "find_kompas_api_capability", "event": "tool.register", "logger": "src.tools.registry", "level": "info", "timestamp": "2026-08-28T09:57:01.226732Z"}
{"tool": "validate_kompas_api_capability", "event": "tool.register", "logger": "src.tools.registry", "level": "info", "timestamp": "2026-08-28T09:57:01.227216Z"}
{"tool": "preflight_context", "event": "tool.register", "logger": "src.tools.registry", "level": "info", "timestamp": "2026-08-28T09:57:01.227449Z"}
{"tool": "safe_feature_create", "event": "tool.register", "logger": "src.tools.registry", "level": "info", "timestamp": "2026-08-28T09:57:01.228148Z"}
{"tool": "resolve_selection", "event": "tool.register", "logger": "src.tools.registry", "level": "info", "timestamp": "2026-08-28T09:57:01.228505Z"}
{"tool": "resolve_selection_3d", "event": "tool.register", "logger": "src.tools.registry", "level": "info", "timestamp": "2026-08-28T09:57:01.228614Z"}
{"tool": "snapshot_diff", "event": "tool.register", "logger": "src.tools.registry", "level": "info", "timestamp": "2026-08-28T09:57:01.229013Z"}
{"tool": "validation_inspect", "event": "tool.register", "logger": "src.tools.registry", "level": "info", "timestamp": "2026-08-28T09:57:01.229446Z"}
{"tool": "repair_attempt", "event": "tool.register", "logger": "src.tools.registry", "level": "info", "timestamp": "2026-08-28T09:57:01.229859Z"}
{"tool": "runtime_memory", "event": "tool.register", "logger": "src.tools.registry", "level": "info", "timestamp": "2026-08-28T09:57:01.230091Z"}
{"tool": "create_change_container", "event": "tool.register", "logger": "src.tools.registry", "level": "info", "timestamp": "2026-08-28T09:57:01.230986Z"}
{"tool": "list_change_containers", "event": "tool.register", "logger": "src.tools.registry", "level": "info", "timestamp": "2026-08-28T09:57:01.231390Z"}
{"tool": "activate_change_container", "event": "tool.register", "logger": "src.tools.registry", "level": "info", "timestamp": "2026-08-28T09:57:01.231795Z"}
{"tool": "checkpoint_change_container", "event": "tool.register", "logger": "src.tools.registry", "level": "info", "timestamp": "2026-08-28T09:57:01.232198Z"}
{"tool": "restore_change_container_checkpoint", "event": "tool.register", "logger": "src.tools.registry", "level": "info", "timestamp": "2026-08-28T09:57:01.232600Z"}
{"tool": "discard_change_container", "event": "tool.register", "logger": "src.tools.registry", "level": "info", "timestamp": "2026-08-28T09:57:01.233159Z"}
{"tool": "promote_change_container", "event": "tool.register", "logger": "src.tools.registry", "level": "info", "timestamp": "2026-08-28T09:57:01.233557Z"}
{"tool": "diff_change_containers", "event": "tool.register", "logger": "src.tools.registry", "level": "info", "timestamp": "2026-08-28T09:57:01.234125Z"}
{"tool": "scenario_runner", "event": "tool.register", "logger": "src.tools.registry", "level": "info", "timestamp": "2026-08-28T09:57:01.234368Z"}
{"tool": "verify_geometry", "event": "tool.register", "logger": "src.tools.registry", "level": "info", "timestamp": "2026-08-28T09:57:01.234626Z"}
{"tool": "list_script_helpers", "event": "tool.register", "logger": "src.tools.registry", "level": "info", "timestamp": "2026-08-28T09:57:01.234726Z"}
{"tool": "execute_kompas_command", "event": "tool.register", "logger": "src.tools.registry", "level": "info", "timestamp": "2026-08-28T09:57:01.234950Z"}
{"tool": "attach_kompas_library", "event": "tool.register", "logger": "src.tools.registry", "level": "info", "timestamp": "2026-08-28T09:57:01.235170Z"}
{"tool": "detach_kompas_library", "event": "tool.register", "logger": "src.tools.registry", "level": "info", "timestamp": "2026-08-28T09:57:01.235260Z"}
{"tool": "execute_kompas_library_command", "event": "tool.register", "logger": "src.tools.registry", "level": "info", "timestamp": "2026-08-28T09:57:01.235344Z"}
{"tool": "execute_kompas_library_command_ex", "event": "tool.register", "logger": "src.tools.registry", "level": "info", "timestamp": "2026-08-28T09:57:01.235563Z"}
{"tool": "execute_library_command_by_path", "event": "tool.register", "logger": "src.tools.registry", "level": "info", "timestamp": "2026-08-28T09:57:01.235657Z"}
{"tool": "list_procedure_libraries", "event": "tool.register", "logger": "src.tools.registry", "level": "info", "timestamp": "2026-08-28T09:57:01.235742Z"}
{"tool": "list_procedure_library_commands", "event": "tool.register", "logger": "src.tools.registry", "level": "info", "timestamp": "2026-08-28T09:57:01.235823Z"}
{"tool": "create_document_3d", "event": "tool.register", "logger": "src.tools.registry", "level": "info", "timestamp": "2026-08-28T09:57:01.236358Z"}
{"tool": "get_3d_context", "event": "tool.register", "logger": "src.tools.registry", "level": "info", "timestamp": "2026-08-28T09:57:01.236818Z"}
{"tool": "set_part_properties_3d", "event": "tool.register", "logger": "src.tools.registry", "level": "info", "timestamp": "2026-08-28T09:57:01.237113Z"}
{"tool": "save_document_3d", "event": "tool.register", "logger": "src.tools.registry", "level": "info", "timestamp": "2026-08-28T09:57:01.237396Z"}
{"tool": "set_3d_view", "event": "tool.register", "logger": "src.tools.registry", "level": "info", "timestamp": "2026-08-28T09:57:01.237893Z"}
{"tool": "rebuild_model_3d", "event": "tool.register", "logger": "src.tools.registry", "level": "info", "timestamp": "2026-08-28T09:57:01.238312Z"}
{"tool": "list_default_entities_3d", "event": "tool.register", "logger": "src.tools.registry", "level": "info", "timestamp": "2026-08-28T09:57:01.238814Z"}
{"tool": "list_bodies_3d", "event": "tool.register", "logger": "src.tools.registry", "level": "info", "timestamp": "2026-08-28T09:57:01.239154Z"}
{"tool": "set_body_properties_3d", "event": "tool.register", "logger": "src.tools.registry", "level": "info", "timestamp": "2026-08-28T09:57:01.239820Z"}
{"tool": "set_body_appearance_3d", "event": "tool.register", "logger": "src.tools.registry", "level": "info", "timestamp": "2026-08-28T09:57:01.240119Z"}
{"tool": "extract_multibody_parts_table", "event": "tool.register", "logger": "src.tools.registry", "level": "info", "timestamp": "2026-08-28T09:57:01.240567Z"}
{"tool": "list_faces_3d", "event": "tool.register", "logger": "src.tools.registry", "level": "info", "timestamp": "2026-08-28T09:57:01.240852Z"}
{"tool": "list_edges_3d", "event": "tool.register", "logger": "src.tools.registry", "level": "info", "timestamp": "2026-08-28T09:57:01.241134Z"}
{"tool": "get_topology_summary_3d", "event": "tool.register", "logger": "src.tools.registry", "level": "info", "timestamp": "2026-08-28T09:57:01.241409Z"}
{"tool": "create_offset_plane_3d", "event": "tool.register", "logger": "src.tools.registry", "level": "info", "timestamp": "2026-08-28T09:57:01.241685Z"}
{"tool": "create_sketch_3d", "event": "tool.register", "logger": "src.tools.registry", "level": "info", "timestamp": "2026-08-28T09:57:01.242155Z"}
{"tool": "update_sketch_3d", "event": "tool.register", "logger": "src.tools.registry", "level": "info", "timestamp": "2026-08-28T09:57:01.242698Z"}
{"tool": "close_sketch_3d", "event": "tool.register", "logger": "src.tools.registry", "level": "info", "timestamp": "2026-08-28T09:57:01.243063Z"}
{"tool": "create_revolve_boss_3d", "event": "tool.register", "logger": "src.tools.registry", "level": "info", "timestamp": "2026-08-28T09:57:01.243479Z"}
{"tool": "create_edge_fillet_3d", "event": "tool.register", "logger": "src.tools.registry", "level": "info", "timestamp": "2026-08-28T09:57:01.243764Z"}
{"tool": "create_edge_chamfer_3d", "event": "tool.register", "logger": "src.tools.registry", "level": "info", "timestamp": "2026-08-28T09:57:01.244039Z"}
{"tool": "create_extrude_boss_3d", "event": "tool.register", "logger": "src.tools.registry", "level": "info", "timestamp": "2026-08-28T09:57:01.244331Z"}
{"tool": "create_extrude_cut_3d", "event": "tool.register", "logger": "src.tools.registry", "level": "info", "timestamp": "2026-08-28T09:57:01.244768Z"}
{"tool": "create_cylindrical_helix_3d", "event": "tool.register", "logger": "src.tools.registry", "level": "info", "timestamp": "2026-08-28T09:57:01.245054Z"}
{"tool": "create_sweep_cut_3d", "event": "tool.register", "logger": "src.tools.registry", "level": "info", "timestamp": "2026-08-28T09:57:01.245478Z"}
{"tool": "create_circular_pattern_3d", "event": "tool.register", "logger": "src.tools.registry", "level": "info", "timestamp": "2026-08-28T09:57:01.245867Z"}
{"tool": "create_linear_pattern_3d", "event": "tool.register", "logger": "src.tools.registry", "level": "info", "timestamp": "2026-08-28T09:57:01.246227Z"}
{"tool": "create_sweep_boss_3d", "event": "tool.register", "logger": "src.tools.registry", "level": "info", "timestamp": "2026-08-28T09:57:01.246664Z"}
{"tool": "create_loft_boss_3d", "event": "tool.register", "logger": "src.tools.registry", "level": "info", "timestamp": "2026-08-28T09:57:01.246944Z"}
{"tool": "create_loft_cut_3d", "event": "tool.register", "logger": "src.tools.registry", "level": "info", "timestamp": "2026-08-28T09:57:01.247219Z"}
{"tool": "create_shell_3d", "event": "tool.register", "logger": "src.tools.registry", "level": "info", "timestamp": "2026-08-28T09:57:01.247627Z"}
{"tool": "create_draft_3d", "event": "tool.register", "logger": "src.tools.registry", "level": "info", "timestamp": "2026-08-28T09:57:01.248059Z"}
{"tool": "create_rib_3d", "event": "tool.register", "logger": "src.tools.registry", "level": "info", "timestamp": "2026-08-28T09:57:01.248343Z"}
{"tool": "list_feature_tree_3d", "event": "tool.register", "logger": "src.tools.registry", "level": "info", "timestamp": "2026-08-28T09:57:01.248616Z"}
{"tool": "get_feature_info_3d", "event": "tool.register", "logger": "src.tools.registry", "level": "info", "timestamp": "2026-08-28T09:57:01.248882Z"}
{"tool": "update_feature_3d", "event": "tool.register", "logger": "src.tools.registry", "level": "info", "timestamp": "2026-08-28T09:57:01.249302Z"}
{"tool": "suppress_feature_3d", "event": "tool.register", "logger": "src.tools.registry", "level": "info", "timestamp": "2026-08-28T09:57:01.249575Z"}
HTTP Request: GET https://kompasmcp.ru/client/policy "HTTP/1.1 200 OK"
{"event": "local_authorized_server.initialize.success", "logger": "src.launcher.local_authorized_server", "level": "info", "timestamp": "2026-08-28T09:57:01.958560Z"}
Processing request of type ListToolsRequest
